index,x,y,in
0,1.33438761820152,-0.035289836052875855,1
1,0.7554975346474091,1.6033995916976824,0
2,-0.029126755112723897,-0.25218607330613196,1
3,-1.815283476671114,0.9949219649860648,0
4,-0.3229177278864627,-0.9543266714506068,1
5,0.8309001544237561,-1.3006322410720457,0
6,-0.8538265245618459,0.97485528350987,1
7,-0.31071133891658625,1.390332510352435,0
8,-1.3435286879009924,0.06575113717674586,1
9,0.24123520786155755,-1.5568140525771397,0
10,-0.28910970119283214,-1.0112364220418348,1
11,-1.7071507468354359,1.2605657942571866,0
12,0.4718074749671969,0.192108614119879,1
13,-0.9892334134701904,-1.6449127145502873,0
14,-0.2350006057776502,0.41130522531264996,1
15,-0.21660475912863658,-1.6917798161620248,0
16,0.8389254544402612,-0.9101632063945806,1
17,0.218238606163963,1.2160979268021308,0
18,-0.10489633456247487,-0.48668702162969435,1
19,-1.4182199540025338,-0.5805822850872071,0
20,0.11218488185059831,0.1559409885254104,1
21,0.4404147495287768,-1.619101027494018,0
22,-0.947218955076938,0.7227164919846302,1
23,-0.10597338860262145,1.4824535035643844,0
24,-0.4394811393309963,-0.032458516195822226,1
25,1.699709184795601,0.17915387242777245,0
26,-1.0950347378942906,-0.08715866624607572,1
27,1.7490851119985393,-0.32252325111526686,0
28,0.1786588983164011,0.18369824504164564,1
29,-0.4072275719369799,1.543412347532293,0
30,-0.6539948559013267,-0.6683303966209695,1
31,1.3139235869440236,-1.534909723215198,0
32,-0.6537158774003855,-0.09903520531159962,1
33,2.1946127280544685,1.4040243065592073,0
34,0.6247219804474872,-0.9662778200529294,1
35,0.5976701096054713,1.4123154166791378,0
36,-1.0386516310566465,0.10500018936722452,1
37,1.0575317293021684,1.4359541102194908,0
38,0.032789251790687,1.0396740234985924,1
39,-1.7900608853499897,-1.12767087110417,0
40,-0.008733244249816778,0.5914560346075273,1
41,1.755485362235428,0.09079629596271827,0
42,-0.016231643731372633,-0.2896204964545257,1
43,1.9427646124356972,-0.6674585727519725,0
44,-0.2643003276430227,0.012390239532665163,1
45,0.04246758386069472,1.2480354068165127,0
46,-0.4680349242225614,0.4262168904311674,1
47,0.8123028114307329,1.2789352937358742,0
48,-1.216626751299707,-0.29993301453579896,1
49,-0.8380415281496494,-1.4581454250210066,0
50,0.7740084853694325,0.024342047823074236,1
51,-0.31924637004130746,1.748172227609151,0
52,-0.05702218362786876,-0.37962479007291916,1
53,0.9397431913251986,-1.739963031198175,0
54,-0.12226011406499017,-0.12931952624780516,1
55,-1.3835230357066883,1.622399970432079,0
56,0.3272151331712628,0.14540804724136452,1
57,-0.20247858335509067,1.4893595613351367,0
58,0.9589881940694893,0.3689486177952227,1
59,1.614395375439761,-0.0776851209555159,0
60,-0.7926581275216728,0.4939898136149521,1
61,-2.233322630306919,1.1469374048954482,0
62,0.9633675035322424,-0.4226042298909691,1
63,0.9597912307896556,-1.372279379064567,0
64,0.14230698501436936,0.12504898317757868,1
65,2.029366978258899,0.5344067408778586,0
66,1.1599285558375267,-0.47672447960959163,1
67,-0.04644673137926104,1.426556523536171,0
68,-1.062034416867129,0.779851371207703,1
69,1.2667582157541584,-0.7046765678329718,0
70,0.18460675880259908,-0.24003035495113564,1
71,1.34649041057266,-1.7275857686277516,0
72,-0.00920836803891901,0.15636016036914008,1
73,1.0947362667276381,1.7214600993130722,0
74,-0.7504074823600276,0.04599462790541483,1
75,-0.5512372728685775,-1.6961706024741685,0
76,-1.206076268826342,-0.1000127047566233,1
77,-2.0131337891675556,-1.051005563914144,0
78,0.43935991891054954,-0.005186716712707498,1
79,1.3031165004290242,-1.4754447655044822,0
80,-0.7251172436436557,0.6438053259710539,1
81,1.4302771250591422,-1.8002734812681207,0
82,0.23745231454462395,0.11187363214251403,1
83,-0.243086890037876,-1.4605701547914316,0
84,0.8940794490323623,-0.6444169564395675,1
85,-0.5400785251403314,-1.4475892379483526,0
86,-1.078633902640482,-0.14282250705110994,1
87,-1.8946001013253966,0.3781545313682219,0
88,-0.2870827868464173,0.9450293709002161,1
89,-1.4375393076486163,-0.9089327405679329,0
90,-0.4360847564754239,0.539411404593758,1
91,-0.8981931415432064,-1.2977468126294534,0
92,0.056716958108621374,-0.02131482366950364,1
93,-0.9525006507764358,1.2389439241308455,0
94,0.23301939372206462,0.7287686088404327,1
95,0.9186390824335994,1.5109773265999344,0
96,-0.18628283781739666,0.17730008356539345,1
97,2.0728942914746487,-1.494706638948516,0
98,-0.2541738713907094,-0.1651412099652311,1
99,0.9394084756478018,1.56694347768627,0
100,-0.12999003928981817,-0.031002159698830356,1
101,0.6351182995827039,-1.5573974314921062,0
102,-0.894245832705866,0.09376190428778246,1
103,1.1643453098769971,-0.8361234022329367,0
104,0.1962278985413472,-0.19955158194487937,1
105,0.5166216328464454,1.1569843092208136,0
106,0.8940433741491035,0.9007034976879569,1
107,-1.3909718475298374,-1.6316043260440152,0
108,-0.5103846773320662,0.7234497934354432,1
109,2.2523243041286127,1.5685593126797979,0
110,1.1502934054362481,0.09758281111681966,1
111,-0.04733869033806616,1.1923354837996782,0
112,0.019183897728256735,0.5606749247640165,1
113,1.9562197823154275,0.28636285085382973,0
114,1.1723857445282695,0.13860137006354897,1
115,0.0228415477813131,-1.7080340448022486,0
116,-0.3018957806788838,0.005015629225022154,1
117,0.1362237966068299,-1.740999575538059,0
118,1.0283707586165647,0.5700381649789082,1
119,-0.19696433695626447,1.791759207498241,0
120,-0.29745828320369155,-0.884249065511544,1
121,0.9004242901308588,-1.1334604872745433,0
122,0.3976215179883055,-0.026640614327710786,1
123,-0.20626914997854198,1.6549967042229,0
124,0.19788526228152337,-0.5352210932540056,1
125,-1.8680236703079662,0.047607680438387735,0
126,0.23755025707462293,-1.1514677363230845,1
127,-0.9042330083501978,-1.1515765967820835,0
128,-0.08633567305890212,-0.26550039661940844,1
129,-1.9948643174008724,0.6025906626237126,0
130,-0.2828219012683988,0.2657851510950019,1
131,-0.3510414905040114,-1.589296535663424,0
132,-0.09848954508716126,-1.0062744158557602,1
133,0.5283499920601152,-1.381273826168897,0
134,0.28399889736490685,-0.9016926598054398,1
135,-1.2782816013578389,-1.0001547810149356,0
136,-0.7884181020901253,-0.18895914592633978,1
137,0.14972079826386975,-1.3465120930511563,0
138,-0.3900404780495423,-0.045051299637645835,1
139,-0.09952575743399183,-1.3029670101417323,0
140,-0.167766766766053,0.1079021311273875,1
141,-2.0978718193891877,-1.5428561047142462,0
142,0.005115696461121062,-0.014134367972980946,1
143,-0.0410933194089626,-1.4372939897337262,0
144,0.14836303531184214,1.0371664747350813,1
145,0.3524654540962103,1.763808639095026,0
146,0.02207126996804845,-0.10678322419480976,1
147,-0.29438206570093745,1.4636227037785645,0
148,-0.27288533282844396,0.2565652514538251,1
149,1.6830457975951778,0.032698429349326354,0
150,0.5831691680069978,-0.6613156820900712,1
151,1.5896597123066842,-0.031799166992800595,0
152,-0.7276228785311218,-0.22085392860924014,1
153,1.8180972859734374,-0.5538807371162107,0
154,-0.00017316817407570312,-0.004329979272107387,1
155,-0.9694018535152644,-1.3457346588688945,0
156,0.8654668262817696,0.5040522920375046,1
157,1.3847490019282522,1.1298145385043032,0
158,-0.8995617985465402,0.16312772887583385,1
159,-1.827815675628495,0.6851804904825508,0
160,0.4020911952871079,-0.3198865904281712,1
161,2.0499442156726007,0.059849519636825596,0
162,-0.3245029618662835,-0.3878809142233191,1
163,-2.084192177530609,0.32310314249101674,0
164,-0.5369356200985058,-0.27988462131834146,1
165,1.357160364277665,1.6416869010142014,0
166,-0.4929798367622538,0.35203617117994945,1
167,0.13233146650687727,-1.7019116477663705,0
168,-1.4158829559802144,0.24222236992884738,1
169,-1.3028793544230706,1.7174771497127548,0
170,-0.5702380208035263,0.050302336271351576,1
171,0.24210017432318476,1.4811465742003316,0
172,-0.8423537015458553,-0.22828963527390575,1
173,-1.1083938841480954,1.4551910209565069,0
174,0.5806348414821396,-0.8779909655774522,1
175,-0.24588258984678943,-1.5197451938043152,0
176,-0.004595594961573829,0.06244557527628259,1
177,1.7041873379998178,-0.6548292301376761,0
178,-0.43039522372083217,-0.1378549385604672,1
179,-2.200187941015445,-0.6023319263621107,0
180,0.1877658425647411,0.7311303962670602,1
181,-0.5577969086241202,-1.6682587019577804,0
182,-0.19923299655708007,0.6370513222349178,1
183,2.185769986874978,-1.3847825799473452,0
184,0.740903707801206,-0.6600446499599689,1
185,-0.05865660165352155,1.4145753081431638,0
186,0.14032338438919392,0.8155333140538976,1
187,-0.1682877917300166,-1.724234649328709,0
188,-0.11709734474342756,0.047145459742265354,1
189,1.8051904200481386,-0.9433436937204848,0
190,0.00328000584659939,-0.004372156392639165,1
191,0.4377284517488241,-1.813538855391929,0
192,0.4227842523561937,0.5767196706043217,1
193,0.528742041158482,1.6017737627031117,0
194,-0.19630874722870623,0.2500843720009943,1
195,2.0309908184798346,-1.124855789557763,0
196,0.6276130860119236,0.2565594472073805,1
197,-0.29741089921549346,-1.5419227530686335,0
198,0.2289553102764942,-0.42125034974295406,1
199,-1.8195127838541116,-1.6716447028513173,0
200,-0.7280369952311131,-0.230263762711044,1
201,-1.735055917595707,-0.5476369872906759,0
202,-0.6958666000878726,-0.5340201127585577,1
203,0.6777787091739989,-1.7223025422708804,0
204,-0.026302491371645437,-0.033182657610487463,1
205,-1.137942086194717,1.2255191647709351,0
206,-1.1068834931545821,-0.5865493162256524,1
207,-2.26046746097644,1.1034408532545212,0
208,-1.400414458596679,0.029148279500986113,1
209,-0.5495590100102751,-1.3392433587117982,0
210,-0.8321703891881904,-0.20712208133563534,1
211,-2.136497969341392,-0.22494548173458168,0
212,0.010077422458342963,0.04302124292948083,1
213,1.6685332952949468,0.848430065472919,0
214,-0.1721950154495061,-0.10483856849633988,1
215,1.164347505171524,1.2707574245497277,0
216,-0.3238180774870606,-0.14023048139761593,1
217,-0.08817853109191257,1.6766877928589379,0
218,0.4220166268097361,-0.4312050508910421,1
219,-0.9976689260177198,-1.7287575854639745,0
220,-0.6358792128784511,-0.9512526846006032,1
221,0.2503070448524777,1.1823076180598147,0
222,-0.0299828407478669,-0.056460639081362396,1
223,0.8320051703926437,-1.2321736496163491,0
224,0.8876317065227738,0.7301166344972969,1
225,-0.5217145239589659,1.2766591917068266,0
226,-0.0312744729143089,1.0714081435158116,1
227,-0.9946307952384464,0.9134224549962086,0
228,-0.09531331611214135,0.06972182270631594,1
229,0.3687883245267074,1.550715984462723,0
230,-0.8598949119375033,0.64038691137315,1
231,-0.2556238476287124,-1.6141090681451153,0
232,1.0649872436185162,0.10850568749895487,1
233,-0.9132852436155429,-1.4769725511973728,0
234,0.4662448635360181,0.7076287484949835,1
235,-2.1587132652158725,0.9931706322935331,0
236,-0.058573816971643836,-0.09643497354962347,1
237,0.48434475650140496,1.5712117011527822,0
238,-0.8686253396099207,-0.10280397376495207,1
239,-0.45943827352026523,1.1738620923105252,0
240,0.07854502295622794,-0.1312291919914841,1
241,1.4807772996484683,1.372638714535329,0
242,-0.24221470274940768,0.4083425247078674,1
243,-1.06295218588913,-1.5835327871206322,0
244,-0.24062722993137975,-0.1395582152641387,1
245,-0.6399949441608089,-1.242048340766583,0
246,0.34698003474439615,-0.33989489816008756,1
247,-2.168422089412266,-1.6013529522405276,0
248,-0.12953007369534242,-0.07183517595132417,1
249,0.736187378499271,1.7857146750015067,0
250,-0.05098546789511301,0.007912837780629707,1
251,-0.7108721584931159,-1.175915022381564,0
252,-0.5676685861558136,-0.19925886194409717,1
253,-1.0857320650168325,1.1901075056176695,0
254,0.09402109507979778,-0.014063121201299258,1
255,-2.0106073081605613,-0.4466615230793849,0
256,-0.5202719633449097,0.21419989371892184,1
257,-2.0137012502696297,0.14500039085903801,0
258,0.1078385769519577,0.2421533322010579,1
259,-0.7484955137795533,-1.2376791987066675,0
260,0.938469737321203,-0.2815113203695689,1
261,0.716510149520933,1.7827456433582423,0
262,0.06715689393010402,-0.24955645695946654,1
263,0.16117727974944832,1.5906792190041525,0
264,-0.23079498290360112,1.025805983106217,1
265,-1.179061461203105,-1.2211189342228408,0
266,0.08579553010674316,-0.0251714154597531,1
267,1.1486761059692006,-1.0812472174024026,0
268,-1.504882619946218,-0.17823306996228813,1
269,2.2149700468756035,-1.0837175292686907,0
270,-1.446819732415267,-0.1900659386594374,1
271,0.30996285307474075,-1.6958859408429874,0
272,-0.49104202389974677,0.10345506375868355,1
273,-2.045761771273326,-0.676886985750099,0
274,0.7760154668310324,-0.018314333777858273,1
275,0.46475215793687796,-1.4671049300931909,0
276,-0.06008138528503803,0.01533651011322415,1
277,-0.7068768207078595,-1.1466549498313927,0
278,-0.6001954801478253,0.3637309960459159,1
279,0.620732317568702,-1.7140099975672582,0
280,0.5567484268394158,-0.8554387711235889,1
281,0.8614902965280272,1.430003330456821,0
282,-0.5698561299693213,-0.002012548955105139,1
283,-1.74295859657718,-1.5689826589833438,0
284,-0.24361996734603725,0.9570794823664027,1
285,-1.1848437741901983,0.8120663583157228,0
286,-0.5176775754602513,-0.1416178902695246,1
287,-0.7041290375644546,1.6169850346706305,0
288,-0.7351381988767419,-0.6715020698819927,1
289,-0.14008377606605876,-1.8082985842465804,0
290,-0.8468256715807633,0.6649148554933757,1
291,-0.1591320066166143,-1.2636497501052606,0
292,-0.08645996417709363,-0.08168973521237971,1
293,-2.2097413357834297,-1.4363323031108102,0
294,-0.8605187288818656,-0.18317120489202568,1
295,-2.267821440779429,0.8907440418995745,0
296,-0.09389038032132167,0.17023415353587845,1
297,1.4491487272079466,1.3847497517165688,0
298,-0.5716457867240481,0.8633449724541317,1
299,1.4170145929380107,1.0949602537404208,0
300,-0.8349442543320886,0.9571232738200428,1
301,-0.6223966574293575,-1.562711025302985,0
302,-0.3575567711943196,-0.7514357222327218,1
303,1.938103605295897,0.7539912455134529,0
304,-0.49862542520877584,-0.748874898483109,1
305,-2.1854959809521994,0.09287583687749844,0
306,-0.19858856191145854,-0.021265923742088036,1
307,1.0580143124019667,-1.515607010444537,0
308,-0.7499020187323755,0.914295858190456,1
309,0.5827131714900161,1.3792702041160367,0
310,0.7628380903696708,0.03197026079562842,1
311,2.0335385989222847,-0.416810580551654,0
312,1.0731027488602844,-0.2291370749219715,1
313,1.3349091992209654,1.316291626244669,0
314,-0.03313808916100079,0.09191558764063781,1
315,1.4081942208560136,-1.4693111663328942,0
316,-0.13396975161885286,0.044472740684729284,1
317,-1.0788338743225947,-1.7176260170610884,0
318,-0.35380664892264796,0.3053999492615463,1
319,-1.2153428516206297,-1.322442960248395,0
320,-0.7197821279054671,0.20876932402127954,1
321,-0.915886989876823,1.3678891895318215,0
322,0.7428092592591111,-0.7984449959665649,1
323,-0.4892629111383025,1.4995805750409046,0
324,-0.02726012703732492,0.036194668942203245,1
325,-0.2255173474942766,1.4736542210578978,0
326,-0.7465120433289841,-0.4050786064225985,1
327,-0.36121495294381806,-1.5763787907765563,0
328,-0.7147599366764134,0.7063210204742515,1
329,-0.3254330653813983,-1.4394490469121304,0
330,0.20216947637750485,0.25343895835403346,1
331,0.8209487737791346,-1.259364336485488,0
332,-0.7507792808308604,-0.04392263525181001,1
333,-0.46340084725368813,1.289301964836326,0
334,-1.264303240021497,-0.27296690825173864,1
335,-2.175486377807858,1.2781055844863016,0
336,0.4367359746658701,0.3430871877622036,1
337,1.8612300104042039,-0.8523741830587583,0
338,-0.053185064759313075,0.09589695805866559,1
339,0.23322407256190864,-1.2116218757083956,0
340,-0.2453819922414606,-0.8643383261937506,1
341,-1.1734972979358693,1.489729163342181,0
342,0.20329461978848754,0.8838335826800854,1
343,2.1957059246686397,0.22684192418598878,0
344,-0.5589281794397123,0.10723018949373074,1
345,-2.2670107869213734,-1.7888954768499987,0
346,-0.38265135460329613,0.4985564320497614,1
347,0.12708888740067478,-1.4898496081693546,0
348,0.6444094926491131,0.23921276494511362,1
349,1.8690798437992149,0.7694435351356894,0
350,-0.7629243868356976,0.9215179319000696,1
351,1.6923016895526823,-0.21605479971539293,0
352,-0.34369743407851366,0.20778886879918526,1
353,-0.28374697938640125,1.418736823577687,0
354,-0.22734128110306043,-1.0920246238651279,1
355,1.1946427066662422,-0.9488382483726129,0
356,0.9741117617589912,0.38807870501693564,1
357,-1.642064410884066,-0.4130875764852335,0
358,-0.7196042733361944,-0.3034926656745409,1
359,-1.9157363475327842,-1.0303443783661015,0
360,-0.06873058416138449,0.42795485982039344,1
361,-1.0273423740222836,0.9236428635186138,0
362,-0.019029075484969717,-0.6188568200412367,1
363,-0.6103766433367979,1.7047498889483068,0
364,-0.10280935866236361,0.12884629815736898,1
365,-1.9207491229363352,0.9103692799797289,0
366,0.06123944340508039,-0.6304823372117095,1
367,0.9182796462751751,-1.778166130522735,0
368,0.5376224510107077,-0.8782610231377357,1
369,0.5621543876535227,-1.2359356525629543,0
370,-0.14946499189971726,-0.8972575838185414,1
371,0.4667600066639394,1.3874392937043851,0
372,0.164334143454281,0.42700651857780975,1
373,1.3532786349309376,1.3301500899075942,0
374,0.044498382864543495,0.1193237602266076,1
375,-1.1835342959884088,0.964748292575347,0
376,0.2352711621566908,0.45092382475374276,1
377,1.7085588206721347,-0.9051844730218765,0
378,0.7666616743690262,0.5050579468012966,1
379,-0.8661751639475165,1.084076115894967,0
380,-0.48773356816743246,-0.7591657531051583,1
381,1.7964748224693843,1.6803962676063282,0
382,-0.5226474781122517,-0.2947458448785753,1
383,-0.5821726726805301,-1.683129220134994,0
384,1.2878626100923098,0.16105771105296643,1
385,1.9461288832438606,1.2261733112121918,0
386,-0.05890089499937487,-0.026773527411139322,1
387,0.36701929417373236,1.2839807877426126,0
388,0.24425343807619335,-0.20950806612980657,1
389,2.211426954304396,-0.9785922967272087,0
390,0.9758169863134524,-0.3111545185088083,1
391,0.26261963059663684,1.5309429437173356,0
392,-0.05689727547345464,0.8490822426363155,1
393,0.018333919340467915,1.3258514982392149,0
394,0.615401556691308,0.7336699202952494,1
395,-1.1419316927442311,1.7893748933762246,0
396,0.05252975012269777,0.23905551247721218,1
397,-1.8850956751093857,-0.4576281841758351,0
398,0.12003535455787882,-1.0241653299254574,1
399,-0.6814963151884904,1.5313022153981484,0
400,0.51952488613723,0.2918090732783117,1
401,-1.8168794995643291,1.410769250908855,0
402,-0.3786381778274951,-0.16257037341215788,1
403,-0.9776260645394356,-1.7761713393606535,0
404,1.1019281704883306,0.03776509500150045,1
405,-1.608930135763242,0.521971034110171,0
406,0.7588192415185019,-0.8847324732626206,1
407,1.1574465249833263,1.6928531758569556,0
408,-0.14690184676208115,0.05870650980776881,1
409,1.9192509704077725,-0.45465758074126594,0
410,-0.4616445548898265,-0.9982483225304095,1
411,-0.4249214122689865,-1.4990297242341093,0
412,0.42395338168829416,0.3628464414838674,1
413,-0.9467924317613642,-1.2030007533493383,0
414,0.8224837848179519,0.16698766217849476,1
415,0.41292831516560474,-1.4689535906694509,0
416,0.022829332030055948,-0.30735217990426367,1
417,-1.50045599111085,-0.30305454870532794,0
418,-0.1921427468387277,-0.3495837785527665,1
419,-0.8684983417785701,1.6223109155197122,0
420,-0.8013286994328501,-0.2485230920059953,1
421,1.2636204568819382,-1.28189169904777,0
422,-0.13453978234871233,-0.08926037688370035,1
423,-1.845515106852116,-0.5488716163075386,0
424,1.031203460214218,-0.7548350664933055,1
425,-0.9358791156876932,-1.6168527174962417,0
426,-0.43936053276433373,-0.29933388480304574,1
427,1.0838454077763862,-1.2980304792829127,0
428,-0.10794080471690803,0.46216581470783746,1
429,0.6507713060825465,1.292855402669593,0
430,-0.33608286983047514,0.9091127358214761,1
431,-0.8561736310881677,1.3611821659140197,0
432,-0.8523068890786938,-1.003466516394241,1
433,-1.0506486773148669,-1.5266542424796812,0
434,1.1430385905214826,-0.11928194955973372,1
435,-2.0146460082788535,-1.5794890251583948,0
436,0.11574400008505105,-0.39949564952459266,1
437,0.4217478022089438,1.5464573348380495,0
438,-0.364468433140895,0.5071616595329507,1
439,-2.2162868838758882,0.7235010544546797,0
440,0.13300530935916652,0.5972727754578063,1
441,-0.9951542445155905,-1.2162881482453327,0
442,-0.04796860984774501,0.1298182924236334,1
443,1.0524657088362601,1.3634306752019658,0
444,-0.7874111085978163,-0.24412793992393583,1
445,0.7395208027563792,1.7224058868528545,0
446,0.08354933331476778,-0.372304064556983,1
447,-1.3721221443379572,1.3497863558778869,0
448,1.0668166251013798,-0.5559461813709259,1
449,0.8902333861646953,-1.8122488480330763,0
450,-0.4057851502344304,-1.0574218727127538,1
451,2.0801993794882594,-0.1807317680797263,0
452,-0.09559657573911749,-0.44695370212994157,1
453,0.610803345342785,1.1542227453047662,0
454,-0.7259703753033234,-0.6778537839872854,1
455,-0.8477308070386833,-1.8016353452423652,0
456,-0.8390159437069556,0.3557449060597677,1
457,1.1137874521804205,1.2759223649543758,0
458,0.14316723876001064,0.29727278437791443,1
459,-0.023650394372012523,1.501061207729126,0
460,-0.26002699333753554,-0.9742356874127739,1
461,1.9492604687702049,-1.4068994719814163,0
462,0.04810523528434144,-0.5205152813217216,1
463,-1.0089984665775638,1.5878005274633842,0
464,0.020622773047080576,0.25051011364336495,1
465,-0.39025463527495036,-1.318017234830745,0
466,0.03651589881090205,0.002597410059340279,1
467,-1.0232539790418338,-1.3581934203779618,0
468,0.00962855223091468,-0.9120702692865174,1
469,-1.325009946119585,1.1613379843834906,0
470,0.7286818100317994,-0.8930904340443956,1
471,-0.13332600076296008,1.5912569083227603,0
472,0.04148577474643402,0.7783204653522301,1
473,0.9350726933127982,1.291284336713491,0
474,-0.2633389782009143,-0.47052075667156157,1
475,-0.8042698192747024,1.5697207298976668,0
476,-0.16347591616533227,0.7398308760095325,1
477,1.2909974311845342,0.7697541737434482,0
478,-0.9325015331945091,-0.02580875705216439,1
479,2.1046939930408106,-0.9263382576873417,0
480,-0.0013970473101449505,0.019117764546960736,1
481,1.478421050783063,-1.18084009661794,0
482,-0.1537377605014462,-0.7735819323208194,1
483,0.3856784879510607,1.5904717726265178,0
484,1.2751999291097451,-0.6225454209384581,1
485,-1.9504007158790306,-0.8538577153947255,0
486,0.07873387627646926,0.11418447764601743,1
487,0.5387861796286975,1.7140588044838254,0
488,-0.6234565179468085,-0.9017744162482035,1
489,-0.8998819091552651,0.9879035936071625,0
490,-0.8107293743707463,-0.8413724731811748,1
491,-1.2331923165367105,-1.6561106034089939,0
492,-0.010632234543435226,-0.14583868034883068,1
493,0.09161914197197156,1.4231982543979058,0
494,-0.08623434510485418,0.027970242922289112,1
495,-0.8597681491097017,1.1426201849567499,0
496,0.4109836543175018,-0.02881022124019714,1
497,-0.7473267560636173,1.192279219559537,0
498,-0.23965143547335718,-0.4162926445213352,1
499,1.1951518365062683,0.7817225458397697,0
500,0.9387463878218182,0.7718293722616963,1
501,1.2496191811661117,1.6217596337553222,0
502,1.0605068055612092,0.3964728687618508,1
503,0.7028050226046592,-1.271800126446404,0
504,0.6587216078885276,0.7091987810292237,1
505,-0.3014629511730013,-1.7751346290841494,0
506,-0.3756847330528054,-0.21368910537944516,1
507,2.2488839622364445,-1.1605521480765202,0
508,-0.036504357582352334,-0.29488085935811587,1
509,1.2822437953624954,-0.7426514630752121,0
510,-0.2921745188224259,-0.27001615329937506,1
511,1.1138521003263722,-1.6198276853695583,0
512,-0.16287769414401726,-0.022396497057141185,1
513,-0.6712573965064887,-1.7380539955236813,0
514,0.27936846596266207,0.36550050282804475,1
515,-1.3575681086703135,1.1098142077222144,0
516,-0.31117089327877584,-0.1695581518615157,1
517,-1.6144660787910483,1.2809291099094828,0
518,-0.11139673301391571,0.3888913614009903,1
519,-1.7804386676282735,0.5611121811185364,0
520,0.3700440318832883,-0.3077830216099519,1
521,-1.3223102575795387,-1.039580208614097,0
522,-0.18558132292791624,-0.00840110745112795,1
523,0.238637179677253,1.686603080304432,0
524,0.1389230369439413,-0.5750175744615912,1
525,1.4451789163802138,-0.5086569132043195,0
526,-0.752708040868104,-0.07591543602289998,1
527,-1.1239561215006304,-1.0247197634238705,0
528,-1.439989044141791,0.31053472028052037,1
529,-0.8351339807083813,1.7911111720143729,0
530,0.9301509749859982,-0.5940762594856185,1
531,-0.34247432897257946,1.7161499628264167,0
532,-0.3033831211824106,0.4024632142470593,1
533,-1.9361175091366432,-0.5499421294162113,0
534,-1.1726541536795867,0.6479853560256335,1
535,0.7184472265323115,1.6370326004199394,0
536,-0.38157617627115764,0.16739112733431363,1
537,2.035488034267883,-1.2848444351942248,0
538,-1.218485176361403,-0.727261112354329,1
539,0.39208843815460126,-1.5906094430552467,0
540,0.5900602404205945,0.17548608241277697,1
541,-0.21685918113774247,1.3190091137223399,0
542,0.9541490736665766,-0.2471772576629173,1
543,0.9672297025042619,1.6596416311027267,0
544,-1.052217496625581,0.1647532585540821,1
545,-1.0626405947232438,1.7456882636823174,0
546,-0.19665227283919826,0.5740408328839097,1
547,0.6241068686213077,1.6580729024471217,0
548,0.6509289805006998,0.22939592705344428,1
549,1.3695011107116775,0.8645089052794565,0
550,-0.5184310649135413,-0.34273160646816814,1
551,1.7120500329054218,-0.16802965486731453,0
552,0.12258994337516264,0.07591539791347439,1
553,0.667223666522453,1.6537483559757,0
554,0.27052307058372127,-0.10714267967639513,1
555,0.5208995540314795,1.2430247583379168,0
556,0.9052326163775073,-0.1277263264715855,1
557,0.055381795195667154,-1.826657024074056,0
558,-0.12173805715791851,0.6117716555905616,1
559,-1.361944196569005,1.0625500848183211,0
560,-0.01638037986561422,-0.07181883574474401,1
561,0.9986336723469976,1.4606030104212044,0
562,-0.8045201853861486,-0.7413284783838694,1
563,0.4084814210267545,-1.6932203409736655,0
564,-0.58910602200388,0.8213251194858097,1
565,-1.8632161189809975,0.3367801515944273,0
566,0.23908010749014513,0.03813135240212754,1
567,-2.002139856142226,-0.7625549979949023,0
568,-0.23513206156128152,-0.7931734626354042,1
569,0.11999140595425044,1.7896235310048927,0
570,-0.21389113218641112,-0.4980489391340223,1
571,-2.073322904182816,1.713267348285828,0
572,0.26768161071939184,0.10205238445430306,1
573,-2.1123895504587247,0.7836670658786529,0
574,-0.8961146236405525,0.30500513881607083,1
575,2.1848383715207387,-1.5282396535288467,0
576,0.2165540311763926,0.004346651776756949,1
577,0.37196070931696695,1.7732720991183093,0
578,1.0640672518844196,-0.11449190733904177,1
579,-0.9699716857123193,-1.3193416389096315,0
580,-0.2224589576803418,0.5298666936741567,1
581,0.6903303629571937,-1.4962790070314789,0
582,0.35849022440628014,0.06883083054939723,1
583,-1.2109980634520907,1.475207396377724,0
584,1.07423628931856,0.8122317518357215,1
585,-1.05082790239075,0.9983853136130406,0
586,-0.09309632217249504,-0.6554237173865956,1
587,1.9282272775907532,-1.5661711207254163,0
588,-0.45861993255273653,-0.2301822493503386,1
589,-0.8439006762553973,1.4955529860633658,0
590,-0.8119765832951296,0.2873200154283639,1
591,-1.651601112243558,-1.4349880295662594,0
592,-0.36789608996569173,-0.4582584373815986,1
593,-0.05338627580745422,1.6495445298329336,0
594,-1.2469772658615645,0.3354521506646793,1
595,-1.659329193165521,0.48984943487568183,0
596,-0.3019134708079732,-0.39259763057275415,1
597,-1.4658467630965435,1.0172343725904136,0
598,-0.32642107534597475,0.3631634416549118,1
599,1.5118468371697142,0.6849833522136686,0
600,0.36185661863479873,-0.7093872075960815,1
601,0.7127822531710905,-1.5033478910154703,0
602,0.2550364649983048,0.0958819753573925,1
603,0.05098400621728382,-1.6166883286623666,0
604,1.0677960135648226,-0.8317239963081002,1
605,-1.1966738627391018,-1.1772998652109286,0
606,-0.4395630947495181,-0.940311274510103,1
607,0.17204683270905133,1.617588163404117,0
608,-1.3416205370149632,0.24479146878774005,1
609,-0.3487824917055562,1.5406738488675944,0
610,-0.3950087715038057,0.7648701189034136,1
611,0.6850679612048605,-1.2574861704454157,0
612,0.07854568374635007,-0.5582644738329937,1
613,-0.41005280047682785,-1.6349129107084939,0
614,-0.07272049465927297,-0.7592330237980645,1
615,1.3950948201050473,0.571930123898985,0
616,-0.10818650433369244,-0.29646020207147666,1
617,-1.6763001447126011,-1.0712034192188158,0
618,0.1072775331833273,-0.27927784485535423,1
619,0.5041070969642437,1.2005433564702765,0
620,-0.4263793142424218,-0.15552641751044258,1
621,-1.2098589804225095,1.3203162075947676,0
622,-0.46524931965145405,-0.07040344762970481,1
623,-0.7925676359125783,1.5950463080169444,0
624,0.40479025977950595,-0.28051506016287736,1
625,-1.3885162306621066,-1.0355340746958226,0
626,0.4923407728610221,-0.8194676358019057,1
627,-0.31338579965008684,1.402973948653072,0
628,0.34562746056870386,0.7770995789485899,1
629,0.014785087191150289,-1.4565119866010217,0
630,-0.0021601598683135092,-0.2755526666705954,1
631,-0.07424011685294167,1.4784419670317464,0
632,0.481848555080761,-0.12857895296379407,1
633,2.2419791501436745,-1.009772496553631,0
634,-0.06765803326985527,0.2754627007151827,1
635,0.8635964995760611,-1.0113670716684282,0
636,0.22013149562842274,-0.28881723349879146,1
637,-0.64372864273273,1.2457010303846863,0
638,-0.5308117116146654,0.37742281720938475,1
639,0.8853602597128551,1.3807788083415842,0
640,-0.4633618451440981,1.094095235241356,1
641,2.207240112305811,0.9812459648045857,0
642,0.5482103827380398,-0.7136287930938953,1
643,2.2098231666119568,1.4201886546600082,0
644,-0.0256141682688718,-0.036193392476462,1
645,0.44672667752077255,-1.658611544950678,0
646,0.44343266887290855,0.3612056159956965,1
647,-1.3432825111670728,-1.1480176814999974,0
648,1.188734022181358,-0.6450310817247397,1
649,1.955374059586088,0.6434938464744117,0
650,-0.7262882675157963,0.38244848547060745,1
651,-0.12151223863532076,1.5979379479401492,0
652,-0.7033695965659453,-0.7874159774097824,1
653,-1.0827715149231534,1.6706457591790995,0
654,-0.8143777388975024,-0.7246330614617703,1
655,0.1002020709295466,1.6155688612034305,0
656,-0.13418308643217663,0.03681598262084044,1
657,-1.0992271593859224,-1.356111260138932,0
658,1.4578210318072253,-0.07697099910518665,1
659,-0.7584278258319058,1.7811254299002819,0
660,0.39257589613754923,-0.46458535838281306,1
661,0.08688289636218828,-1.2990479240238824,0
662,0.05220033242336172,0.7969932229037396,1
663,-0.3076541420272597,1.4367555726499468,0
664,-0.005567265788041043,-0.010013649454201782,1
665,0.8643277430825455,1.6350181815506564,0
666,-0.43306615860600345,0.6411348268156386,1
667,-1.6849238057629767,1.403336024844277,0
668,-0.08055708452172693,0.39417351122176936,1
669,-1.9988593213502166,0.7783333915444248,0
670,-1.0724662480203513,0.5535795987913483,1
671,0.20346642742182997,-1.698132415506386,0
672,0.5510191037403144,0.21309556649704722,1
673,1.805559226736851,-0.8381905620862329,0
674,0.6719980928661412,-0.19100579782481097,1
675,-1.0003039504621627,-1.2355784604607871,0
676,-0.15375555332662932,0.6870488070002176,1
677,0.17058023992803642,1.5786958310967565,0
678,-0.019298527311610747,0.016339464870091764,1
679,0.3044879305075151,-1.6108382083884578,0
680,0.6913554527510015,-0.13450360550073134,1
681,-0.5122702952384263,1.4812784307024094,0
682,0.09879668281360798,0.16910332219150498,1
683,-1.4996182416094421,-0.8002044179724005,0
684,-0.13071508938357274,0.7099352315924058,1
685,0.19830140580367425,1.53830609516991,0
686,-1.172282976440507,0.05650929598591348,1
687,1.1053084984836936,-1.2877891907329628,0
688,0.12584185928566308,-0.4514006765405801,1
689,-0.608188928059538,1.7833310953556964,0
690,-1.0144946246414337,-0.3088747546202153,1
691,-1.1764736519628651,1.1481631642617343,0
692,-0.8962919024747651,-0.96460675691747,1
693,-1.9736111855575407,0.18587417085276361,0
694,0.1447455708473391,-0.3372927103236927,1
695,0.45179165083714945,1.3765348451118338,0
696,0.24399338448372693,0.7632028950929262,1
697,0.09089771461433457,1.778050816780255,0
698,0.4959160855024261,-0.8863875339679873,1
699,1.9885292059639914,0.7536231500364685,0
700,-0.9496521940020599,0.029301137335099613,1
701,0.6526147020770743,1.5604510926729684,0
702,-1.1961649537383543,0.1694858554742647,1
703,1.959705677813592,1.7470692717254495,0
704,0.5595514858897054,0.6202474727842588,1
705,-1.040625920422386,1.4644022342351122,0
706,0.46978298506440064,-0.43198176662398236,1
707,-0.8882117065392213,1.3993090160274277,0
708,0.05371793646150713,0.005652943456503638,1
709,0.2740176975477791,1.4327398132915434,0
710,-0.018213450510720593,-0.05420203443318675,1
711,1.578805323048491,0.27581113207475,0
712,0.39206274773005617,-0.3356844219968151,1
713,-0.4379495802408775,1.6679772470794072,0
714,0.8161791787493936,0.5852086975331092,1
715,2.15109563366408,0.020420732032302765,0
716,0.7198506606421721,-0.13276470734588874,1
717,0.5540827953441624,1.7747077511077654,0
718,-1.191375049096679,-0.4607754787837522,1
719,-1.3476659177359112,1.0383015950025671,0
720,0.5327445584114205,0.6815257066102356,1
721,1.9432391942034501,-1.0359837360416257,0
722,1.0214285255498141,0.46250908980208966,1
723,1.492477726385725,-0.2940490255242061,0
724,0.6271309564320501,0.03831477936427858,1
725,-0.39171344457296325,1.715336590259752,0
726,0.8020155977693494,-0.5573197466700479,1
727,-1.1123249833320443,1.6016441812021667,0
728,0.4734426663735006,0.5199310354694275,1
729,-0.980582384586468,-0.9538399277644779,0
730,-1.0114975152660663,0.16082968497670191,1
731,0.33169854662513365,-1.4663501699103005,0
732,-0.32779547193060615,-0.0710138451938865,1
733,2.180446847465492,1.6746225979567726,0
734,-0.5881573134709056,0.12543462189828267,1
735,1.28613075973818,1.2474336089744371,0
736,-1.2700865557942587,0.17445608738998367,1
737,0.21695180075724038,-1.307652718358755,0
738,0.01182929793155751,0.003788225048936589,1
739,-1.5391887595636744,0.7340454660763849,0
740,-0.03638747125942675,0.5554919153813414,1
741,2.07950620281136,-0.8885887737182329,0
742,0.6637674169590307,0.1588022167923797,1
743,0.12199309125128296,-1.5498555863575463,0
744,-0.33080434364560646,0.6002911339158346,1
745,0.7639830353150253,-1.2318967327361607,0
746,-0.3388725966538249,0.6192398933308051,1
747,1.7535960851644403,0.4759913757872152,0
748,0.006790232191177089,0.1518898967608575,1
749,1.4190477193952988,0.7810849486159772,0
750,-1.217269303443804,-0.4727522463925323,1
751,-1.1318700089531073,1.7137106385076748,0
752,-0.7689627576067721,-0.30960423077796284,1
753,1.991693431303559,1.256024892561546,0
754,-0.012657417865253017,-0.48014075376673626,1
755,1.5192859008718693,-0.22700580341516505,0
756,0.06388609842239205,-0.3665873827831442,1
757,1.5000300131012616,0.7958553698017401,0
758,0.19879774536498948,0.3696625553489691,1
759,-1.1013386449878428,-1.2299855286377004,0
760,0.676213284879768,0.021426001891874446,1
761,1.0703291057653064,-1.3125212876999905,0
762,-0.021505454114389377,-0.08514570873968082,1
763,-1.6187850031179516,-0.7830354485832756,0
764,0.05900399308509012,-0.019877043103661018,1
765,1.6278432643133158,0.989359071518743,0
766,0.16808277204838057,-1.1725837326900141,1
767,-2.059417324463099,-1.0530805312137816,0
768,-0.08683377078252086,0.17147877594359073,1
769,1.308256704530173,-0.9283518622642849,0
770,-0.7008904403955744,-0.046271552600669084,1
771,0.5688220764714158,-1.3642409002649105,0
772,-0.3633994767381944,0.07111297689112306,1
773,-1.3155342235499066,-1.0724941669029773,0
774,-0.23464449443557606,-0.21122734027504825,1
775,0.4854650490370517,1.757157881667367,0
776,0.05674458316650904,0.013455277408268405,1
777,0.9142285135419322,1.0006324412003524,0
778,-0.47185128648896574,-0.5380834309022535,1
779,1.4943314130029022,1.4581043056523832,0
780,-0.9420689615148319,0.15971684301902966,1
781,0.8571650575292207,1.5942197510655916,0
782,0.3825881569744205,0.3666161508035089,1
783,-0.1692988221857556,1.2340422590086644,0
784,-0.024760176783781004,-0.02543466426668248,1
785,1.6115017818927855,1.2538307847157986,0
786,0.5592699367641397,0.18696665454609332,1
787,-2.0288437330385833,1.4072725108536435,0
788,0.21146694818899858,-1.104799753228368,1
789,-0.5141953143868796,-1.2650322561670768,0
790,-0.9807417198718682,-0.2519117790858241,1
791,1.5380559757953742,-0.7279363838974255,0
792,-0.647885000249572,-0.267020222059848,1
793,-0.028354947910972043,1.5157471022229323,0
794,0.3155616682605864,-0.8408515602236012,1
795,-1.3058957720920048,1.434459221964292,0
796,0.18604603468884223,-0.20464476663211817,1
797,0.3306318879018226,1.7260203018677818,0
798,-0.03562912281171778,-0.6517508995405649,1
799,1.890086739878935,-1.5313653880389013,0
800,-0.07325699836854613,-0.09682070091528674,1
801,-0.4851862696128408,-1.2781867802375901,0
802,0.1256914056878496,0.21135757830694055,1
803,1.1960906464658758,-1.4730700753875245,0
804,0.2675745733496437,0.36191076163762387,1
805,-0.2505998910579177,1.5124761162636555,0
806,0.03554362320183989,0.0597407071347146,1
807,-2.2229009695356776,0.09834814860141843,0
808,-1.1336325476524773,0.58679314462786,1
809,-0.6229558177319569,-1.7190753030813546,0
810,1.2178440394760603,-0.10002160470666387,1
811,-0.6327945622381473,-1.5618562691342455,0
812,-0.35645136741011874,0.8655282548728286,1
813,-1.5101899303569866,0.713505945883538,0
814,-1.1093347258391066,-0.4439149071073339,1
815,0.9658547584060646,1.5061200556951442,0
816,-0.22061818879094858,-0.6912442966238216,1
817,-0.9439812053111143,1.4949793212526996,0
818,-0.0570600369012535,-0.058400581482799634,1
819,1.0691121343446206,1.1515050057263803,0
820,0.8703693878649595,0.3452328244992354,1
821,0.9331900934341744,0.9719305346126166,0
822,0.3169538686624006,-0.770986676752193,1
823,0.26150818777952406,1.636973986872107,0
824,-0.7201678237558117,0.3828756681092064,1
825,-0.4398655878006876,1.7847960570288934,0
826,0.09879095915928698,0.004809726253392883,1
827,-1.3731886101450852,-1.2483105215311772,0
828,0.13362523837249055,0.7691641870283026,1
829,2.126435548109148,1.3012215947900088,0
830,0.6932962013737857,0.7268144708227959,1
831,-1.2442110848829795,1.0098062671701775,0
832,0.5106734673181067,0.6747174100240239,1
833,2.2393213206456304,-0.5029197496127805,0
834,0.0948443967622351,1.0945650841758983,1
835,1.8761956057402576,-0.1220181481859471,0
836,0.04557925846206448,-0.1177673207740116,1
837,1.2409340147506784,1.38375068649456,0
838,-0.5221104004781059,0.3414339890264346,1
839,-1.7734944947620361,-1.2007804244926708,0
840,-0.5290833333466958,-0.30810812096288986,1
841,0.6987519822435377,1.536717371054099,0
842,-1.014507803858479,0.20979359571677325,1
843,0.5270626465141893,1.6434108407208496,0
844,0.02676078513739817,0.058647224135903626,1
845,-0.8829480706033168,-1.4136902409132033,0
846,-0.3337996547412759,-0.11663656802328197,1
847,0.9951310436044266,-1.048845833917716,0
848,-1.133052424172642,-0.09742422594596792,1
849,-0.954194810492793,-1.7048218929990344,0
850,0.2508504310591006,1.1246533303756456,1
851,2.232561495335987,0.8604300300015553,0
852,-0.36772248835067056,0.012865263817114798,1
853,-2.1669260317915033,0.0030445675905376906,0
854,-0.31077785336843533,-0.5039599568408892,1
855,-0.03196508437719478,-1.7238538798235843,0
856,1.364515974320754,-0.3801993539756163,1
857,-1.3737718481278254,0.8987583141900978,0
858,0.23864502577818478,-0.6215338853111732,1
859,1.9824033153992726,-1.6664540912321402,0
860,0.30281234760234355,-0.33754502141549936,1
861,1.2459515788077626,-1.6031190937901034,0
862,-0.5437712865796814,-0.5956443604619269,1
863,0.5550255996007064,1.2438530846758054,0
864,0.4607018820928926,0.7774738246072824,1
865,0.9528953567634183,1.037494398403204,0
866,0.18388304035834277,0.41753718760170433,1
867,1.107011928521221,-1.3673808456712473,0
868,1.0892660476391147,-0.7084690457714112,1
869,-2.1417943283918084,0.5473151874292593,0
870,-0.9557619491590859,-0.1676524285033479,1
871,2.0530888514757124,-0.33524117473530884,0
872,-0.2847869178914779,-0.17451396052915424,1
873,0.14291310724934214,-1.6545702045604032,0
874,-0.005214807006127047,0.006367432689841636,1
875,-0.030767994158730567,-1.7180518881535014,0
876,0.3104352177245133,-0.5347789509261626,1
877,-2.0274206482370905,0.6356759187938885,0
878,-0.7989625487257702,0.11347225832028736,1
879,-0.438554234799007,1.421975201430139,0
880,-0.9487730128425631,-0.5270701356449177,1
881,1.1045576023573482,0.8938050723528991,0
882,0.8915889952220614,0.08736746687523297,1
883,0.5762668494324484,1.77888506918469,0
884,-1.0438124864250007,-0.6678661507812074,1
885,-0.9891195632715135,1.381862604269423,0
886,-0.31032213187816304,-0.16985915286451697,1
887,-1.996044144355682,-1.4463759225126742,0
888,-0.17449201547385776,0.5798125986954645,1
889,-0.4076839067370073,1.4527341707311732,0
890,-0.7154477738639337,0.869896454298784,1
891,2.2280424160991075,0.216963589262869,0
892,0.46098589944051793,0.4072317489929263,1
893,0.7386416637717382,1.3570035543739496,0
894,0.4256997822892175,0.04408191012047587,1
895,-1.1080846312954287,1.7325128052375514,0
896,-0.8899178960464965,0.7112262234530987,1
897,-1.977472592050465,-0.9188096647799289,0
898,-0.10854018255422626,-0.6626471352149761,1
899,1.3390599217638082,1.0006836849600418,0
900,-0.3479486746143025,0.6715036308323155,1
901,0.8496481002286855,1.0905825276084262,0
902,-0.0073372958129616864,0.044711786753202754,1
903,0.16498146370746383,1.7704315231218375,0
904,-0.8600131073637793,-0.9493206327103137,1
905,0.9661420535003488,-1.189478577729938,0
906,1.2195007432579907,-0.05975457497330414,1
907,-0.8073337221851397,1.4191098196484553,0
908,-0.3644082158852929,0.004855332556416873,1
909,1.1641241902756259,1.65926802696922,0
910,-1.4799755350532198,0.12043698742737059,1
911,-0.17743645902249783,-1.7492393496150176,0
912,-0.13286880758909095,-0.09598446036530575,1
913,0.10232236063478461,-1.4454071504615096,0
914,0.03381409033239204,-0.06236198926785067,1
915,1.2675176381026398,-1.375592616697279,0
916,0.9460695752332607,-0.2897736674338518,1
917,0.015748391559548134,-1.2899089391503138,0
918,-1.1724303311189805,0.7287098904302352,1
919,-0.4729232805188427,-1.2106000793850253,0
920,-0.13862511943116693,-0.09959746681921491,1
921,-1.2666853844658919,0.8534975528130467,0
922,0.9938960194081639,-0.8853794916104303,1
923,1.3623160631491333,-1.1060989783834105,0
924,0.15694223725016368,-0.30089619206664664,1
925,-1.3703642908600981,-0.9205328938786596,0
926,-0.20176974397348285,1.0522531243110171,1
927,0.5300158482036088,-1.4713956212682482,0
928,0.1062318517222135,-0.9581174234807561,1
929,-1.875760041438491,0.670915038136594,0
930,0.9010023920785142,0.7128229635103472,1
931,1.2694634784696852,0.9090501415552729,0
932,0.4961558636262465,0.6574149352988269,1
933,1.1260423931530688,-0.8719144421357583,0
934,0.574003864325695,-0.15653779550485564,1
935,-1.4545834380973979,-0.8723612079465024,0
936,0.5724866062586454,0.1567340325467324,1
937,-1.5127969254156886,1.5350569633576723,0
938,-0.49245125062384365,-0.6624346108324967,1
939,-1.489116580779262,1.101847024854282,0
940,-0.00015880921449996124,-0.006217373474455355,1
941,1.8284374022457217,-1.78790988273716,0
942,-1.0722937059574076,-0.09912652527212573,1
943,-1.7270897964927092,0.05804344885281045,0
944,-0.924626222474445,-0.6974004430767103,1
945,0.14108514265875285,1.4162608773314862,0
946,0.23632943907226023,-0.21223731146360753,1
947,-0.9541549314880852,1.5606194376898956,0
948,0.1961610390161033,-0.040543659355664736,1
949,-1.8105131603888143,-0.20816869661713833,0
950,0.9704536709486863,-0.48551037038560807,1
951,1.8467600530715391,-0.26996605962741416,0
952,-0.8733489730308324,-0.4462941700273105,1
953,1.5545970700718443,-1.0218368139111955,0
954,-0.37416333232075655,-1.1506816231058072,1
955,-1.9374406127529573,-1.1334219151445837,0
956,-0.4446860171376234,0.3388424829080369,1
957,0.9928300914159491,1.1684219594586238,0
958,0.35298980649440315,0.6025661914455084,1
959,0.6705875140766874,-1.816224263237587,0
960,-0.6926776049071618,-1.0183738573877001,1
961,-1.8755491120278,0.5369432718462577,0
962,-0.40164252150897467,0.8364483204367731,1
963,0.9349926560212036,-1.4994167235595415,0
964,-0.7135538232318804,0.9989567108862223,1
965,-1.5591836265546635,-0.3412671484320069,0
966,0.0349072224020513,-0.07175084086739351,1
967,0.7875623966583307,-1.634449356365492,0
968,-0.04084261384151325,-0.8325966423140078,1
969,1.3443819886590886,0.6328107830239228,0
970,-0.06219804568044546,0.041841590770173305,1
971,1.4697024071387916,1.569566141807939,0
972,1.0060202431826377,0.07205014348207375,1
973,2.239779782553964,-1.5059814857046507,0
974,-0.6325673968850817,0.8563511646345725,1
975,1.95920942923968,-0.18215288622574025,0
976,-0.21814621975422593,-0.022717231651763516,1
977,1.7247291742461648,1.6004117509342635,0
978,-0.0740476002571748,0.05029893627693913,1
979,2.165634253952931,1.1309246611567225,0
980,-0.39704611356717273,-0.24057293086378614,1
981,1.1663590899594705,-1.7074915054119362,0
982,-0.2574586547275578,-1.0195127153139805,1
983,-0.044448136957731935,-1.8105170833528854,0
984,0.07586204363486954,-0.04845361816375961,1
985,1.303739936843093,1.555578029987616,0
986,0.7527915045448389,-0.41332653046920964,1
987,-0.6039952875282151,-1.1538407461195583,0
988,0.1475940796210625,-0.5328341488063629,1
989,0.3198230507696335,1.2626467380516342,0
990,-0.19423831236888198,-0.776954722821416,1
991,-1.3228610995340389,-0.762923571432423,0
992,-0.1899684314923081,0.010689781693358564,1
993,-0.06854560787962932,-1.4032831588876877,0
994,-0.379602503292936,-1.0867940006598948,1
995,-1.0078192578999283,1.0745871576935178,0
996,-1.1377741923716613,-0.026501785021039923,1
997,-0.6621559026925029,-1.2394825256711184,0
998,1.0485897375019186,-0.015245616672144711,1
999,-1.2765166104295673,-1.8004431023171596,0
1000,-0.5445498186954102,0.35234465556358235,1
1001,-0.271405328987918,1.6885072478957095,0
1002,0.6976867459596393,-0.17367158152349926,1
1003,2.0996606619491187,1.2481796223547557,0
1004,0.6616559237809296,-0.063346084708087,1
1005,1.6972791659553714,-0.5240861155392247,0
1006,-0.7852564588799293,0.8730661830978254,1
1007,0.6163448049089801,1.2899394529919646,0
1008,0.8913530864347408,0.6425787180991405,1
1009,0.742785196608301,-1.6698983816792314,0
1010,0.14107289294225422,-1.179692687440162,1
1011,-1.2704131131994993,-1.3126867457022713,0
1012,-0.06645946157944613,-0.07809959193375345,1
1013,-1.2914631513760493,-1.1396896186815062,0
1014,0.09984970455875125,-0.06285819071540046,1
1015,-1.244306218448868,-1.075173654053464,0
1016,-0.7712277280883253,-0.24007124983899975,1
1017,-0.014710345677687095,-1.6277700802622763,0
1018,0.5553329170788358,0.12102849039768454,1
1019,0.2114802763253883,1.6019469956129713,0
1020,0.6274806942174962,-0.38200571602497513,1
1021,-0.22516901598476974,-1.5973030484004935,0
1022,0.32363594108654475,-0.8110465695479058,1
1023,0.8810504825995886,-1.5494721949597083,0
1024,-0.588649943337061,-1.0392651817317038,1
1025,-1.4634025621484446,-0.8238941035813311,0
1026,0.0687519412486563,0.04976744680622941,1
1027,1.9699704244627942,1.701666334974091,0
1028,-1.0269622305945856,-0.4016917028512235,1
1029,-0.22340232530727286,1.2508387427587315,0
1030,0.11630866505054797,-0.9729387972885453,1
1031,0.31052488150476965,1.2966768250220955,0
1032,-0.36900952907483076,-0.4246304816422899,1
1033,1.7140876418547981,-0.007316601203407081,0
1034,0.2802714921664584,0.1184829095197857,1
1035,2.1589618000361983,0.5015227308272993,0
1036,0.4879506767489837,-1.1125211365108907,1
1037,-0.8926973851733442,1.7645390790851077,0
1038,1.2840560259423464,-0.5844926551189202,1
1039,0.24754962503365324,-1.7082320479671917,0
1040,0.42841133567553225,0.2743670549030113,1
1041,-1.934200104645207,1.2120141250655598,0
1042,1.0118897487800502,-0.02057715489008717,1
1043,-1.9672630888891753,-0.3204618652185911,0
1044,0.001981903378037319,-0.12432575052916424,1
1045,0.3076025400810656,1.21289568154444,0
1046,0.3636172758664099,0.07435273745145733,1
1047,-0.6383943312800727,-1.5504994521994246,0
1048,0.16800283218600465,0.12151263928147372,1
1049,-1.2956248647035757,-0.7149380205644642,0
1050,-0.27480727114637465,-0.1399295139810891,1
1051,-1.776463593746315,0.8961345097433401,0
1052,-0.05968496048909126,0.09993942708429829,1
1053,0.37358717787498963,-1.465467727631107,0
1054,-0.47063710367597583,0.15394227111856648,1
1055,-0.2231341123147712,-1.2617977202562116,0
1056,-0.1309356517816445,0.23892677950913344,1
1057,-2.1596764359681817,-0.9206054232640418,0
1058,0.4669656241144184,0.8718506997664125,1
1059,-0.30400875121412246,-1.5631891128128208,0
1060,-0.12502540860929495,-0.16534870861528836,1
1061,1.6243307054079539,-0.6163378894193922,0
1062,-0.8628822479717263,-0.35689840751236945,1
1063,-0.6784174827615909,1.1161122088166084,0
1064,0.33378320610257156,-0.3714850277058731,1
1065,-2.2691116496319035,-1.628676053696742,0
1066,-1.3852525883291553,-0.4024426804809127,1
1067,1.7721540399825026,-1.0414105986305286,0
1068,-0.06911374167836386,-0.031503881867233824,1
1069,1.7814097938755018,0.4537593413434918,0
1070,1.104805010283152,0.583304260843827,1
1071,0.8972188991963428,-1.7783033563297088,0
1072,0.130079398510077,-0.21645442957118277,1
1073,-1.5051809658177986,-0.3915747340704509,0
1074,0.3708961944233203,0.2589937619589929,1
1075,1.0308305981396821,1.3837542618522065,0
1076,1.1958269529264853,0.3999713145971583,1
1077,2.2237882006935,0.9582039422875034,0
1078,-0.02511972703129623,-0.025571152395723357,1
1079,1.691802675239331,-1.0460057338354682,0
1080,-0.38027238627108895,-0.21652119903047717,1
1081,1.7119811629157715,1.5064722473888819,0
1082,0.21488068919594683,0.5015270964454364,1
1083,-0.9840151655469747,1.4369294711288387,0
1084,1.0243588367462795,-0.766373716363129,1
1085,-0.9036953899735016,1.2054660102302197,0
1086,-1.2618593220402743,-0.5207376097752268,1
1087,-0.9837545368585282,1.2698028280589122,0
1088,-0.031707639096146316,-0.031364507571934125,1
1089,0.7043740237860073,-1.4127336959253194,0
1090,-0.5735090770771397,-0.2636667183026837,1
1091,0.4614720851921445,1.4993864969431838,0
1092,0.3249998812952852,-0.5507219230943736,1
1093,-0.5129884416511098,1.2828055854418619,0
1094,1.0791433607903196,0.37035462296746413,1
1095,-1.5620191880977088,0.4262878566567001,0
1096,0.272685238780076,-0.15847531334803272,1
1097,-1.5947118171808925,-0.8110755073287369,0
1098,-0.5470898971190381,0.982720814350959,1
1099,-0.4152068906531509,-1.7984292041076655,0
1100,-0.5960675864549644,-0.5078680474312811,1
1101,1.1131323413258791,1.39028343427759,0
1102,-1.1433879270742644,-0.3019432880201211,1
1103,0.4574738266867936,1.7538102812965184,0
1104,-0.7156864420914029,0.3675620889327515,1
1105,0.2416250157346814,1.1933959700887502,0
1106,0.24155891837991794,-0.4401422232909305,1
1107,1.5173736471852612,0.5837655247709487,0
1108,-0.36914917307083794,-0.5899447863740486,1
1109,-0.2067271612140016,1.2788394957064226,0
1110,-0.193338907847876,-0.06429790359044679,1
1111,2.2256376419071726,0.33885921457927864,0
1112,0.027352273084506246,-0.18072320413230675,1
1113,0.3901326444907708,1.1690794833984395,0
1114,0.8185388085105608,-0.2933437046226838,1
1115,-1.7030543072938744,0.610534224798051,0
1116,-0.2523137259793829,0.41222555840277497,1
1117,0.3147095899224814,-1.5645190672206695,0
1118,-1.1487311354327554,-0.7516428909458629,1
1119,-1.5105482365115437,0.7877260635321511,0
1120,0.12317746589496173,-0.4478361237082441,1
1121,1.3030377727525977,-0.8751456012252653,0
1122,-0.36675716182260787,-0.8541402663377212,1
1123,0.885172313116298,1.4647271401992261,0
1124,0.44889075339513274,-0.583116208046641,1
1125,0.19085469417224588,-1.4942925200238177,0
1126,-0.2878789427572073,-0.599695511279122,1
1127,-0.2234384026186024,1.4297481418193583,0
1128,-0.2566589124992956,-0.04919080135281694,1
1129,0.5528766616874982,-1.2809878817678957,0
1130,0.2885940654080668,0.26275280871888784,1
1131,-0.32831624184050323,1.758712716653316,0
1132,-0.15601783173621545,-0.7212216400769377,1
1133,-0.15571001283704042,1.4955994906415548,0
1134,0.4650801578881832,0.27945754462423467,1
1135,0.332724467831692,1.2815522495264293,0
1136,-0.13296323392219891,-0.3964925360864809,1
1137,-1.749567060560157,-0.08562927968901735,0
1138,-0.1790701559416395,0.05768758418119995,1
1139,-0.5347991045829713,-1.4554590515002073,0
1140,0.8026038186015002,-0.061919737608336134,1
1141,-2.1423027930360763,-0.04447358155407999,0
1142,-0.4093201222693504,0.2488670534310001,1
1143,-1.7103309160578501,0.21177559134700832,0
1144,1.0767999235632804,0.38523865339536906,1
1145,-0.9135682158633892,1.658034658299117,0
1146,0.6527881483963633,1.005462406922619,1
1147,0.332246327375006,1.4940169270185526,0
1148,-0.01728314049623066,-0.041844255829223596,1
1149,0.1905982869415852,1.3410959614713494,0
1150,-0.5030331389009606,0.24027788197819025,1
1151,-2.047487331776449,-0.7269259591122881,0
1152,1.0554281755199926,-0.3687058451577195,1
1153,-2.1269937943450765,1.2531203978582695,0
1154,0.1593197990773498,-0.23144699024220974,1
1155,1.8893679382454935,-1.2069050806846333,0
1156,0.3392577213191473,-0.6143226692752045,1
1157,0.9939658407417622,-1.5700467184300542,0
1158,0.08140176896564932,0.8136985053255199,1
1159,0.02838711360778507,1.4075386876333777,0
1160,0.7376184423019768,0.3856982065858686,1
1161,0.12705991289139737,1.1966550330700132,0
1162,-0.3200743531533983,-1.1372472861515805,1
1163,0.06481641905066277,-1.608061156523903,0
1164,1.3263881625073284,0.2465822601750977,1
1165,-0.7569957040355877,1.6916928790666097,0
1166,0.19359762684326579,-0.3233634557597208,1
1167,0.151958525041328,1.461041591933537,0
1168,0.8125095080264616,-0.873245097412584,1
1169,1.0657502806651764,-0.9948025311437795,0
1170,-1.1515266125358414,-0.0651832905382911,1
1171,-0.4890835393078924,-1.385398715269153,0
1172,0.1766695792888653,-0.07150914538125229,1
1173,-1.4435361476086996,-0.5143791947604017,0
1174,0.5414886456828125,-0.1654686488904135,1
1175,-2.1060947676093447,1.7470732514984701,0
1176,0.5063434002704316,-0.67493043775662,1
1177,-0.30457812606403223,-1.6383884243723807,0
1178,0.5346682330393036,-0.9809974364335341,1
1179,2.118163367690727,0.9023290886661889,0
1180,0.5778138156784294,0.9308519849908441,1
1181,2.1109063847816687,-1.2327008676762963,0
1182,-0.07492138037609217,-0.10499999610958749,1
1183,-1.7502254350677346,0.19258258299185654,0
1184,0.13620326915625625,0.10952686831851291,1
1185,1.5040875073467876,-0.15191343924149878,0
1186,0.8777237806432469,-0.6991300018815961,1
1187,-1.2588677303095264,1.3165989722937954,0
1188,0.050328743267435375,-0.5369154683732691,1
1189,0.16329087082815053,-1.6161704918372148,0
1190,0.283407332211161,1.015668078822612,1
1191,-0.22859209241376474,1.248399635763202,0
1192,-0.33612107800590935,0.10476464661132918,1
1193,0.316423302596086,1.3404105950586305,0
1194,1.1083415944444093,0.3846788927075345,1
1195,1.9860472477103743,-0.44687224010978394,0
1196,0.4486256182042433,-0.5677118226185351,1
1197,-1.1459266337580782,0.8807578947908945,0
1198,-0.3188230847481769,0.3048794089713652,1
1199,0.7461140226456294,1.1497254608413146,0
1200,-0.6072242751781134,0.33357283226540024,1
1201,-0.8506612929864321,1.5427271613788542,0
1202,-0.1422480211702032,0.07268699007331532,1
1203,-1.3090927187130579,1.3052376982012328,0
1204,-0.1793665228631723,-0.29906529515497593,1
1205,1.505079809327715,1.143766760424429,0
1206,-0.9351951932953692,-0.28428734975926406,1
1207,0.08842042299531287,-1.4332765356542383,0
1208,-0.8061825056078074,0.15114538373045142,1
1209,0.2824828105707386,-1.5738098223662744,0
1210,1.2098036400157959,-0.6823115956344487,1
1211,1.2264357859934476,-1.6213816990715777,0
1212,0.7824287915153674,0.7925622168667786,1
1213,-0.9976990314979146,-1.5648520459533426,0
1214,1.4315101473845482,-0.05253485852050686,1
1215,2.1311737210831225,-1.7657200373776505,0
1216,-0.03384251378514038,0.4128603043235426,1
1217,1.0952297768695123,-1.7709664680402872,0
1218,1.01838950258007,0.42355277800697155,1
1219,-0.7305700843188121,1.4592709625360947,0
1220,0.8338656466955549,-0.4484888363747854,1
1221,-1.46887941356131,1.351597212022076,0
1222,0.8194429672248783,-0.6129491017563328,1
1223,0.27521287581382387,1.443103140720405,0
1224,0.8729226270276831,-0.13961170679653315,1
1225,0.0950545211216149,-1.4829523873332837,0
1226,-0.5414403766799978,0.15499345920343782,1
1227,1.7044301295045345,0.08922674786144823,0
1228,1.0819461667827743,0.18029298014832554,1
1229,-0.9675783882138044,1.1007149000718566,0
1230,0.10826928252652172,-0.14441292112052828,1
1231,0.5592081725164784,1.7670869937387628,0
1232,-0.024539789485707553,-0.009101643517130005,1
1233,-1.5962953743536252,0.26791632888918415,0
1234,0.18667168309813467,0.5354646534264588,1
1235,0.6715285437132575,-1.5399067744672106,0
1236,-0.4669986592279161,-0.6301807452331188,1
1237,0.5617948734030298,-1.3874394301794026,0
1238,0.1508468991192489,0.07964064064319659,1
1239,1.352873555241819,0.9833214195231469,0
1240,0.2121350398136298,-0.3816078881391853,1
1241,1.3102060916109288,0.964689021700771,0
1242,-0.03735205483826907,-0.027319890325872162,1
1243,0.14841730558237196,-1.2424469507878242,0
1244,0.4505985111354822,0.9355340335095408,1
1245,-0.4523101106724763,1.2195853665436402,0
1246,0.0699121065269059,-0.6828304895316889,1
1247,-1.8219006734138417,-1.6455143932260767,0
1248,0.5737962367863816,-1.1238677225572955,1
1249,2.1076876323068716,0.19572157843586707,0
1250,-0.5002065453835641,0.843695736519509,1
1251,0.49777584279731313,1.7454329291821462,0
1252,-0.18762773789880213,0.05039997156840499,1
1253,-0.577679598815963,1.6906354660505731,0
1254,-0.026094599013903506,-0.027531133316498934,1
1255,0.9461587911291703,-1.4392175246955135,0
1256,-0.09161499766420608,-0.8210904150011079,1
1257,0.4064939130816848,1.519770165504124,0
1258,-0.393146023031848,-0.5653659857506986,1
1259,-1.2900176622194743,0.6917774409441126,0
1260,0.7879052189625101,0.036772775027346494,1
1261,0.45733049148997185,-1.5806936940111045,0
1262,-0.36914120144057816,0.04949622322162729,1
1263,-1.083148129000178,1.3013053580995049,0
1264,0.7933158284866667,0.041332672437793455,1
1265,-0.990964353981983,1.0103366708705694,0
1266,-0.02712786598846924,-0.3649015757456811,1
1267,0.6950229638615556,-1.8014747192974248,0
1268,0.06527359327500794,-1.191462750548102,1
1269,1.3452382611446811,1.07070948759062,0
1270,-1.0316989777562964,-0.050076264681029437,1
1271,-1.4828203335441381,-1.3713687006038688,0
1272,-1.3220132419181945,0.32625361970248545,1
1273,-2.174813772643959,-1.5559067122957975,0
1274,0.5299910664938667,0.9414733565260026,1
1275,0.09087160323024548,1.2897614437574763,0
1276,-0.49048551007473973,0.6604399793053685,1
1277,-1.0860618546646108,0.915990064866228,0
1278,0.5870506480560581,-0.15811767328436127,1
1279,-1.699242479153175,1.2512026986712854,0
1280,1.2401816539223223,-0.6581132955803529,1
1281,1.4417056039893394,1.3921399069122322,0
1282,-0.36473201485739665,0.22557229790945738,1
1283,-1.6871731130938865,1.5031508546547558,0
1284,-0.06285020446830544,0.10470390224221862,1
1285,-0.06690626957911827,-1.6939983167675277,0
1286,0.0035812061299376973,0.0813449526049679,1
1287,1.53240272254674,1.0993738518790004,0
1288,0.016649653220810967,-0.09500485372288192,1
1289,1.0571725697063292,-1.7033028762363462,0
1290,1.323713020391429,0.22662483864840896,1
1291,-0.14367480148916387,-1.6249431548441864,0
1292,-0.9346123748426177,-0.3837210440438258,1
1293,0.7901744355866976,-1.7124711857892252,0
1294,-1.4707841830051682,0.1803220438832311,1
1295,-0.7435860218953212,1.1484287667478768,0
1296,0.11814751969978719,-0.9861020026575255,1
1297,-0.8267290121920227,1.112142082195122,0
1298,-0.9879353322656956,0.4652888723476058,1
1299,-1.233702504518041,-0.959161774410513,0
1300,1.1413149803529865,-0.40059023627555845,1
1301,2.0979652248867033,0.25221012045496105,0
1302,0.7408965594068895,-0.04730575144777406,1
1303,0.9572373206299418,-1.017326184289805,0
1304,-0.1363229622721425,-0.031804480908967425,1
1305,-0.4192993083646106,1.7580047256652456,0
1306,-0.10441214217189289,-0.09622745284564144,1
1307,-0.7083814436957282,1.7010055950960565,0
1308,-0.491250888148301,-0.00207149357477781,1
1309,-0.028710888170366412,-1.70515568098578,0
1310,0.5979632062402954,-0.9301683781674625,1
1311,1.8115430140242528,1.0342075204651069,0
1312,0.6382312932165325,0.651165891389143,1
1313,-0.0377842531486064,1.7790357013912501,0
1314,0.013688068242767049,0.05316718865866239,1
1315,1.193998640819932,1.4516973947874212,0
1316,-0.4120606222524401,0.6024921710481725,1
1317,0.38642589773422414,-1.6278101292710465,0
1318,-1.4055600335803642,0.15367619869017435,1
1319,2.003763288966684,-1.7161422249415592,0
1320,-1.481129132511338,-0.2217776565237864,1
1321,0.7527092635418207,-1.61500007005445,0
1322,0.6952016320742704,-0.19490334202290094,1
1323,-1.5215350133202268,0.5672723339881686,0
1324,0.9120225057434997,0.7028445887262984,1
1325,-1.7111148179317803,-0.5799941368160737,0
1326,-0.004463555446729833,-0.1647983597024639,1
1327,0.27233930001852114,1.7731371175641177,0
1328,-0.6419527914905864,0.8124116134922209,1
1329,0.23183862326223809,-1.4918287388138343,0
1330,-0.04235341645928148,-0.42825302742694393,1
1331,-1.3441241660042929,-1.484346086670214,0
1332,0.1229275915920382,0.5088258244719082,1
1333,-1.0811630809742345,1.6429653973151117,0
1334,1.057148858767354,0.2686948035230874,1
1335,0.4932903945655573,-1.1654183303744936,0
1336,0.4425883089628083,-0.004490085290366745,1
1337,-0.6628028251911566,-1.6295389878775115,0
1338,0.10234899048611494,-0.033374766826764046,1
1339,0.8581271300059474,1.7429297033426006,0
1340,-0.27421186646333073,-0.31613210662586594,1
1341,-0.9758175720707803,-1.478983467900933,0
1342,0.6597915463161291,0.35273161502240985,1
1343,1.9908239592813548,1.6865171115916464,0
1344,-0.5072002844505328,0.7734806672004245,1
1345,0.29410870094673847,-1.2650096141257445,0
1346,-0.9797489082637854,-0.1612777789125863,1
1347,-0.440056485409877,-1.2048160610459295,0
1348,0.4176351211266288,-0.6717740593417266,1
1349,1.9584100944129001,1.7823644023969814,0
1350,0.6716858498883773,-0.7755259350613112,1
1351,-1.870899717800332,0.41371748746841913,0
1352,0.030424416965221593,1.1451581628413567,1
1353,-0.8599494220716531,-1.0856074654901013,0
1354,0.1414355230561251,0.2636130583834612,1
1355,1.7335464911625431,-1.3823824196592271,0
1356,0.4944076075917173,-0.9847973195594851,1
1357,1.0685431615567051,1.7038045944243678,0
1358,0.6320621400224152,0.6616231367872532,1
1359,-0.17787179543632045,1.6402212181853653,0
1360,0.17294906019295916,0.5196894100436625,1
1361,0.6031901744224418,-1.1975156894758456,0
1362,0.031101033796852313,-0.10095243442451161,1
1363,2.1980320262510484,-0.15986043563658167,0
1364,-0.2881382957205892,0.06767245975281885,1
1365,-1.7299654033333043,1.5660417967986198,0
1366,0.9852131562447162,0.3305245272181895,1
1367,1.2208592993144713,1.3828633897397753,0
1368,-0.05694503632875428,-0.06036500465046047,1
1369,0.07102561174066793,1.612861207508771,0
1370,-0.20963790068455967,0.5838973060715305,1
1371,0.539605039284328,1.1697213519092302,0
1372,0.20423972933308696,-0.6058949302602387,1
1373,-0.08467935155210296,-1.306601331489688,0
1374,0.49365486430121885,-1.1318163235506207,1
1375,-1.2759574086834127,-1.4780838650389359,0
1376,-0.5326232834803345,-0.5435576048051051,1
1377,0.8395023149794311,-1.7525382625553703,0
1378,-0.5240118621216898,0.005739496912758163,1
1379,-0.9317378815481504,-1.8050700384101257,0
1380,0.21278640278152267,0.04630076068705768,1
1381,1.9856501384763456,-1.7744804972459793,0
1382,-0.6022688038084947,0.575995800190476,1
1383,-0.4005470946684978,-1.5822080079859393,0
1384,0.6047770434549066,0.900843269839722,1
1385,-0.47413447815141874,1.7369551625155977,0
1386,0.2612027127220479,0.12013234372719961,1
1387,1.455945097376397,-1.639278144301171,0
1388,-0.825943142473512,0.23398324368526272,1
1389,2.1224288984968163,-1.6798682557389055,0
1390,-0.02385407608297274,-0.027469437271907125,1
1391,-0.8297177495054053,-1.155007638470153,0
1392,-0.6771059576187448,-0.03615139812656996,1
1393,0.9802357881135251,1.7274346694394043,0
1394,0.3536147607200124,0.11609007645971944,1
1395,1.9456486274556508,1.507657598200295,0
1396,0.21935115124215207,0.134429848611852,1
1397,-1.2188427468414698,1.073477403456495,0
1398,-0.5219994087864711,-0.8838727008959418,1
1399,-0.1605807478170793,-1.422135064919834,0
1400,0.5750886830804292,-0.6936007297775517,1
1401,1.9548815379029505,0.9628448072197081,0
1402,-0.8071269555219444,1.0047165831006812,1
1403,-0.3879417232411816,-1.6665991953533632,0
1404,-0.18984384528660647,-0.036917011972298214,1
1405,0.05125566396080516,1.4150447934271249,0
1406,0.32140816788392257,-0.3023016396055718,1
1407,0.11566120180978791,1.3012155279231428,0
1408,0.1294331600193563,0.16233792059409166,1
1409,0.6788141008669291,-1.2506419931329273,0
1410,0.35280043926887594,-0.28126188392210677,1
1411,2.0819653104908844,0.4152550266074076,0
1412,0.26974611352239025,0.4257647874571643,1
1413,-2.256065858186983,1.516089569881471,0
1414,-0.36294525831765023,-0.39322856802969797,1
1415,-1.6118087367280598,0.41863194482840593,0
1416,-0.02526875640802885,-0.12998790094365706,1
1417,0.6909063278749772,1.3276339396287729,0
1418,-0.34049238039384133,-0.0682055008551957,1
1419,1.6918014284701013,-0.015313226437944069,0
1420,-0.4898732190730457,0.3680650690302629,1
1421,-0.440975968653413,1.277703087686444,0
1422,-0.2174444290760953,0.481181937815194,1
1423,0.9828403920643917,-1.6122716953888117,0
1424,0.5913036137228314,0.25198816871509544,1
1425,1.7763894139953684,1.343541891048028,0
1426,-0.3774560495930043,0.8795637240175674,1
1427,0.4255149421110722,1.491629405466669,0
1428,0.5056289359711564,0.18981008389892629,1
1429,-2.114661925048645,0.5535291094463746,0
1430,0.13951882968699644,-0.33985773656399165,1
1431,-1.6598085735262542,1.5521337642661033,0
1432,0.06146633476517685,0.02830178888180613,1
1433,-0.5797927627135414,-1.7118456343803239,0
1434,0.8316761637785416,-0.09918812822627658,1
1435,-1.870545466169973,-1.6677055537863217,0
1436,-1.107792634413653,0.222112730481083,1
1437,-1.9979805277065543,1.1329094358817875,0
1438,0.009621925239998245,-0.7084445997068113,1
1439,0.8624784446424043,1.2475333722689643,0
1440,-0.3309055901931463,0.49150482120929967,1
1441,-0.84289311579467,0.9916075183595533,0
1442,0.5572150424922773,-0.20867255378881516,1
1443,-1.2085151943036918,-1.4873549492089555,0
1444,0.661646475559341,-0.8635745112801131,1
1445,0.349711168137445,-1.3938788636894774,0
1446,0.4209623032645052,-0.24290142602797452,1
1447,-2.2521382064649824,-0.14445007271100468,0
1448,0.008951103628977598,-0.1129231705470162,1
1449,1.962995262720621,-1.1144064955346418,0
1450,-0.3530064411203789,0.5219453352723626,1
1451,0.4381861758142798,-1.1981096783345835,0
1452,-0.5661329557913688,0.43384723550799004,1
1453,-0.9775821200334623,1.5998139527170523,0
1454,0.3323237316161931,-0.7530262166328946,1
1455,-0.4424581886568226,-1.7499509196616114,0
1456,0.46471862375919426,-0.3066075765291704,1
1457,-1.461907092064483,-1.0616090359760402,0
1458,-0.23615141841234613,-0.2944441185361671,1
1459,-1.1881172524010286,1.0040587230573628,0
1460,0.7987037348788552,0.8886499507204982,1
1461,2.214181176786945,-1.436299501335757,0
1462,-0.23784462347867386,-0.1041527271331223,1
1463,-2.235703020052503,-0.6571232415592282,0
1464,1.0447895747937337,-0.617695412487519,1
1465,0.02561551236725696,1.7731263153206327,0
1466,1.4838941837320647,0.05436263384721417,1
1467,-1.7058693398163407,1.5821509962959035,0
1468,-0.4649917982296617,0.17346826742682733,1
1469,-1.531066407594039,-0.41317960242984647,0
1470,-0.044148874428849606,-0.13231189332974047,1
1471,0.2880115256213471,-1.2922910077402954,0
1472,0.8391964495058045,0.25750461737268526,1
1473,-0.8198847485612502,-1.4420185411208604,0
1474,-0.9776809550265094,0.7595274015725834,1
1475,0.0018431049358000207,-1.3848529797976366,0
1476,-0.1402040943345004,-0.11397051176977506,1
1477,-0.7872598672483236,1.6804416110228881,0
1478,-0.18721802999882065,0.6456630474165721,1
1479,-1.7100521661418244,1.0288967655412296,0
1480,0.29521697819020193,-0.009341487413452167,1
1481,0.4165030448734177,-1.6827646755081171,0
1482,0.4715337924994863,-0.4121483100030819,1
1483,1.368628848015322,0.8839741038196751,0
1484,1.261966377115873,-0.4958760900512037,1
1485,0.7472102689053634,-1.1593489703608681,0
1486,-0.09943662045472099,-1.143899815147672,1
1487,-0.8813485369831984,-1.587692135652812,0
1488,0.3943024206645499,0.7530101043084562,1
1489,-0.42658292138017373,1.1865828608820141,0
1490,-0.5353471697233695,0.7000376045684641,1
1491,-0.8302441187951028,-1.0693332381812912,0
1492,-1.0904172768483056,0.7665478252620636,1
1493,-1.0041759961409644,1.765686400485332,0
1494,-0.5151567130127634,0.02842037059051832,1
1495,-0.9583869275253762,-1.3277874278898187,0
1496,-0.10956041140878903,0.6439956942570118,1
1497,1.6951208261942368,0.9231021905003449,0
1498,0.09898038911214599,-0.17921416864279868,1
1499,-1.7882360614652923,-1.6645317615023232,0
1500,0.7367637196950914,-0.8870390256759708,1
1501,-1.2532987825496864,0.8579351192718279,0
1502,-0.4649728303486048,0.35948602128049656,1
1503,0.17005880470079812,-1.5687613867137657,0
1504,0.0422566909338387,-0.9591214905042914,1
1505,-1.826789405039034,-0.4933404874162974,0
1506,0.4573045530113516,-1.0268290350879683,1
1507,-0.6205481257631984,-1.372364738275038,0
1508,-0.14179655903954835,-0.18993055286373042,1
1509,-2.1151426515903946,1.4308337315716202,0
1510,0.5728292527797826,-0.6001893156923181,1
1511,0.9935042505458249,-1.6998105406234418,0
1512,-1.0579802629177721,-0.009244921221444805,1
1513,1.3850526315059306,1.691262142227524,0
1514,-0.7093141487427761,-0.04196743407057138,1
1515,-1.4071169537515638,0.4999053364004044,0
1516,0.8753655106946665,-0.41282910488595426,1
1517,0.49464470265817995,-1.627575609148972,0
1518,-0.143297404043219,-0.15825854356499813,1
1519,-1.463023924873286,-0.7251214757169488,0
1520,-0.08614568239583664,-0.10223184384735064,1
1521,-0.9097196409715588,-1.0951707478890096,0
1522,-0.6951897567276977,0.2136596957953801,1
1523,-1.040227535221596,-1.5981386530109392,0
1524,0.03744303821430644,-0.022282859328929806,1
1525,1.475200751785452,1.0580025780637154,0
1526,-0.46943063656244444,0.6272615725794647,1
1527,-1.7034413905180685,0.3883894412211635,0
1528,0.1934594160849263,0.12296526931373306,1
1529,2.2215853914999832,-1.5589001765219146,0
1530,-0.05601118971301742,-0.09828765094848087,1
1531,0.027622817731808105,1.333014986738056,0
1532,-0.0838583735589739,-0.1717107520725837,1
1533,-0.18386528025200408,-1.7553048355071985,0
1534,0.01941166629752875,-0.010637167017167526,1
1535,-1.0723738000963774,1.2997917542880624,0
1536,0.13630405433640236,1.0582294312719533,1
1537,-1.9819735255986426,1.6627147363123054,0
1538,-0.6196032121570516,1.0068216517689752,1
1539,-1.2574671110087483,0.7651129010446989,0
1540,0.5716177647578425,-0.23383134700373165,1
1541,-2.2743447404896275,-0.6612405087656985,0
1542,0.14073375065201427,-1.0601789651367557,1
1543,1.5586522225046133,-0.5838902592660378,0
1544,-0.03320637063982204,0.013147481206410029,1
1545,1.7163261588437362,0.3804110745590945,0
1546,-0.1518372253578702,0.022328689597252142,1
1547,-1.0915763688124258,-1.6489445816104795,0
1548,0.3486776796178666,-0.10106481229755317,1
1549,-0.8502117803053656,1.4132445539214067,0
1550,0.04650544699713452,0.13811388389611012,1
1551,1.8484203469170848,-1.496831077661073,0
1552,-0.0954564783935947,-0.8672742395177855,1
1553,1.3408631275488219,0.8526628936259456,0
1554,-0.09293964173551661,0.3422394157376612,1
1555,1.1709707769606486,-1.3209199450845643,0
1556,0.028010398461214555,-0.9359051513736635,1
1557,1.1156153540867,-1.8031301796973316,0
1558,0.20186664140858626,0.47190480447926847,1
1559,0.9130742323197673,-1.7090165792617176,0
1560,0.7626053191844996,0.563755499839671,1
1561,1.810676319118935,0.6192210396026655,0
1562,0.06426859670898093,-0.005292368915581987,1
1563,-0.3859414548947259,1.5579991306156127,0
1564,0.06990025744725342,-0.08394388706039929,1
1565,-2.23980959653561,-1.2854785694502322,0
1566,1.1658754793690385,0.6547188196869449,1
1567,1.1202429412736847,0.9013880309143251,0
1568,0.18532626669671592,-0.22589573526080037,1
1569,2.042164230206227,0.029793321307347916,0
1570,0.6833872395184,-0.1981260713129273,1
1571,0.24751911121568845,-1.708415132290347,0
1572,-0.2290898335797893,0.08028476146813439,1
1573,0.5545713529150571,-1.7610277079015861,0
1574,-0.17924523100156456,-0.09933358560105449,1
1575,0.8056550814717007,-1.7479502342589512,0
1576,-0.7507566966819854,0.9881848860267364,1
1577,-0.44231779233076474,-1.7835283444020296,0
1578,-0.39481586709203864,1.1392849487781864,1
1579,0.6129015422421363,-1.7536279708116347,0
1580,0.3675853934558377,-0.07807240609494356,1
1581,-1.7604758229452122,0.5679998756737484,0
1582,-0.46405842533221225,0.4976232346799645,1
1583,-0.8281003727421492,1.208939585676622,0
1584,-0.0033169280841361037,0.03143621501399555,1
1585,1.5835375966748955,-1.6341862449787237,0
1586,0.43674193095384967,0.21743818930123743,1
1587,-0.6179541682054718,1.2845887512497152,0
1588,1.0092217510477977,0.33819292865378386,1
1589,1.3303216617420452,-1.7132725202605041,0
1590,0.042350238292038184,-0.5126767003322573,1
1591,-0.23186191695159497,-1.2503478365647571,0
1592,0.08052470949335121,0.37225130383765637,1
1593,-1.3852705129060243,-0.6170404839074212,0
1594,-1.2779405156196273,0.07165037294184001,1
1595,0.44942380187826064,1.5809935412889542,0
1596,-0.05179125963889872,-0.030072271003617732,1
1597,-1.181845251739338,1.6987130255083391,0
1598,-0.08518395725382745,-0.1194244435401507,1
1599,1.1748832468340726,-0.9134511385420007,0
1600,-1.2353737898303188,-0.29007294521171495,1
1601,0.5216685408352336,1.6613058577458324,0
1602,-1.0869105973421815,0.1385332733793387,1
1603,-1.9860555675145115,-1.2161244157741844,0
1604,0.6931744802084147,-0.20472317284413774,1
1605,1.4463808133402922,-1.3957660536536454,0
1606,1.0320946367576862,0.5387231808191244,1
1607,0.5822307740986454,-1.6091328870597055,0
1608,0.16246927223861776,-0.011044936835737387,1
1609,0.5022476968588148,1.2409074527628214,0
1610,-0.1366734618215441,-0.11807062194558006,1
1611,1.7290700876401877,-0.32534990242473005,0
1612,-0.7922092292869712,0.624204722738854,1
1613,-1.845689555034142,1.634707528884381,0
1614,1.0687448445561023,0.5885034142746668,1
1615,-1.1410579521374227,-0.8836972154452292,0
1616,-0.039782043476716204,0.1980331714441111,1
1617,-1.511836897159453,1.3961393179123172,0
1618,-0.5593200627199896,0.4941293375145422,1
1619,-1.5309821693803762,1.6659934382348929,0
1620,0.5413848047265326,0.7375223906983726,1
1621,-0.6252188310977891,-1.3866027766478641,0
1622,0.10147832979570703,-0.5671275238726727,1
1623,-1.6516948773756395,1.449880515466568,0
1624,0.11774440423690435,0.6635100238280368,1
1625,1.499435177762656,1.6091077344504299,0
1626,0.5515614590315899,-0.5163386273222429,1
1627,0.40477222404601404,1.6386856287135283,0
1628,-0.06814846774055262,0.05073714785845518,1
1629,0.2414709910891405,1.7311516935683506,0
1630,-0.6564776744133384,-0.2352024535902032,1
1631,-0.150461478039291,1.549935965340045,0
1632,0.775582693746511,0.5680384228350438,1
1633,-1.029469921033881,0.9947815036365921,0
1634,-1.2384733474773368,0.15777490087398205,1
1635,-1.7962494337814514,-1.7548896822616495,0
1636,-0.2321153237632673,-0.18529513310092513,1
1637,-0.32749813785862814,1.595684539244687,0
1638,-0.18758248732122906,-0.12910882752254296,1
1639,0.8827615240725065,-1.3805421922232797,0
1640,0.7473185507114477,0.9051131295193516,1
1641,-1.7467657206685754,-1.4276127429492682,0
1642,-0.008100748032160817,-0.0567002653548365,1
1643,-0.6071941045564363,-1.3206800237891516,0
1644,0.802254484084532,0.06678978874391606,1
1645,0.12146121323224601,1.46711917513788,0
1646,0.8616561015303253,-0.7441297505310762,1
1647,-1.840719049711077,1.1402312407395663,0
1648,0.5609458096163168,0.5137517651682937,1
1649,0.9924455857561338,1.7288614978500196,0
1650,0.19730110589539615,0.27111401601653706,1
1651,0.8511506428282816,1.2705020950588795,0
1652,0.8819834543153982,0.5436555469805813,1
1653,-0.6774722591078048,1.2712284751932883,0
1654,-1.2788081145216688,0.4542456442014055,1
1655,-0.0008606102927067133,1.4164224579534899,0
1656,-0.32123146681367326,1.094456893504534,1
1657,1.8757497033516002,0.06801537224159629,0
1658,-0.13554097913350216,0.146764506552133,1
1659,-1.2309125435581814,-1.3392568617011058,0
1660,0.8410475197426561,0.26997683160315733,1
1661,2.254783098397503,0.9897532463522066,0
1662,-0.7370341358947441,0.07305694869838684,1
1663,-1.2602850941759898,1.5442650353445238,0
1664,-0.5466697170841619,0.678122193175197,1
1665,0.03655258316915586,1.7384023848691272,0
1666,-0.27889407359949786,-0.27788797021332723,1
1667,-1.690153586079092,-0.9092833519237742,0
1668,1.1949405166663272,0.5340825075551823,1
1669,-0.36453833234195965,-1.327236764742322,0
1670,-0.8426832723274724,-0.1724749085784988,1
1671,0.44379621376351264,-1.3610337455412593,0
1672,-0.2153276564461466,-1.1649295417045067,1
1673,-0.05398265137483117,-1.7277165167972015,0
1674,0.08711532058513083,-0.49643547354151746,1
1675,2.2485762249634376,-0.42968502464563424,0
1676,-0.6076089632630938,-0.5706248678072149,1
1677,-1.6836939887915305,-1.231277139717274,0
1678,-0.3304854059618986,-0.6329480458974213,1
1679,1.4032036282705345,-0.6956186804894612,0
1680,-0.35051855420407335,-0.19827929290146598,1
1681,-0.8016686593576671,1.1564699522467055,0
1682,-0.3605271143267989,0.48836710462958466,1
1683,1.4259976712207945,-1.2364407156051003,0
1684,-0.5419120820645886,0.24586829735786211,1
1685,1.2412159980884157,-1.7772070922839962,0
1686,0.33479322538200695,-0.7352170291505412,1
1687,-0.012793762536209279,-1.5611300320432497,0
1688,-0.06487976185534106,-0.061343990720170265,1
1689,1.8195106537180838,1.6800763822920386,0
1690,-0.0244855834088402,-0.06566436897059962,1
1691,2.1113049777477992,-0.7680738410803349,0
1692,0.8807346391841506,-0.0836429223398194,1
1693,0.4990570614024173,1.2923805156613977,0
1694,-0.04633980835450929,-0.041731198654509236,1
1695,1.4959784892699866,-1.2195109640684356,0
1696,-0.767648451212338,-0.1556144939933348,1
1697,1.220835045092134,-1.7594263968711843,0
1698,-0.6681462766705247,-0.5704501284542309,1
1699,-1.5602402392401562,-0.11832952883729622,0
1700,-1.3042298830128536,-0.30668106405731405,1
1701,-0.21650865137542993,1.6554946546614577,0
1702,0.17204370968747992,0.4590889731962223,1
1703,1.4129675729830122,1.2512124026895226,0
1704,0.07584418916364577,-1.1224902778857133,1
1705,-0.43734750466082717,-1.8171660625317418,0
1706,0.08980718786490946,-0.4229517965534834,1
1707,0.2722582447573009,1.6886433752534622,0
1708,1.4676135939353196,-0.028061095016371974,1
1709,0.8320649938191784,1.278006707860254,0
1710,1.2420540056303382,0.12211199361967436,1
1711,-1.3802356384930812,-0.6327539480484928,0
1712,-0.7631116089151663,-0.24238243113796482,1
1713,-1.9653643820218418,-1.288039985163525,0
1714,0.10480353896451725,-0.6617032908198955,1
1715,-0.17981214291161596,-1.6625889347143643,0
1716,-0.0998226986598598,1.1480147907167721,1
1717,-1.332928280968985,0.8866219541158253,0
1718,-0.0500157922187011,-0.16377165473062905,1
1719,-1.130341638339692,1.7349802849698763,0
1720,0.7302602691694186,-0.5144795200014255,1
1721,-1.4192508845418672,0.9689207876347036,0
1722,-0.9211903089227342,-0.19963410955889488,1
1723,1.5504584740033218,-0.7539958698881195,0
1724,-0.38212251251287166,-0.08649692575467312,1
1725,-1.2999672410997292,-1.2138486159825002,0
1726,-0.8680687493475633,-0.12353557223977253,1
1727,-1.444990571091163,1.605079944173806,0
1728,-1.3369666873416655,-0.5083969313092435,1
1729,1.2840439020783239,-1.511819337286908,0
1730,-1.1449635129020208,0.024259459417835524,1
1731,-0.14999320068424613,-1.5268254513522668,0
1732,-0.24193561130948585,0.210190963367608,1
1733,1.6410741496263725,0.8826085098344236,0
1734,-0.7788278327728154,0.37023931328409787,1
1735,-1.9832239365589976,-1.4858094074846677,0
1736,0.002172556672915566,-0.32229224851962973,1
1737,-0.8963509303934531,-1.5984384300739882,0
1738,-0.5660446859010931,-0.5800436049076255,1
1739,1.7944680650917482,0.29745325572531356,0
1740,0.697372251354756,-0.49986677006725005,1
1741,0.9928781735741651,-1.1297208708065032,0
1742,0.5552850788862753,0.5591230851018006,1
1743,1.8519145974423774,-0.16328398003226852,0
1744,0.0964220433975768,-0.02060415309969475,1
1745,-1.9213295768748884,0.496159770786733,0
1746,0.38715743013773257,1.0900848569542922,1
1747,1.3395143965482366,-1.1379965885297678,0
1748,-0.331082488194422,0.16754660839603377,1
1749,-1.2031313018804757,1.7064893203288554,0
1750,0.47662782338908244,-0.04578331309206171,1
1751,1.6268909926322008,-0.6530064850979495,0
1752,0.46716197407289495,0.7711412623457181,1
1753,0.8575978601214945,1.2527712609110924,0
1754,-0.8356184933618569,0.042750020915337805,1
1755,-1.1061631429886685,-1.3672686371405414,0
1756,-0.16146810766616737,0.9954422612390001,1
1757,0.29371494072696375,1.6123048616418416,0
1758,-0.19504027892542905,0.8272875151436433,1
1759,1.230653023896227,-1.5373438893763183,0
1760,0.2554426438080139,0.2570492408669483,1
1761,0.2586031154823852,1.737943790046479,0
1762,-1.1331639468204242,-0.28856456062760855,1
1763,1.0060612022309927,0.9297395072830643,0
1764,0.04150100524913859,0.23835884258447923,1
1765,-0.11357455015911826,1.394693308407282,0
1766,-0.00752810921482163,-0.01681364294583874,1
1767,-0.4593344551024015,1.5878502569353594,0
1768,0.14446658068306378,-0.2018118417870763,1
1769,-1.4015453521799974,1.1792304051429132,0
1770,0.021994683707629557,0.014354602612550374,1
1771,-2.156290668085776,-1.5441071754521973,0
1772,0.031900003371563686,0.2160568105540332,1
1773,-1.2312493919450238,-1.0306433083101891,0
1774,-0.33308209295543467,0.22692025365693075,1
1775,-1.8868017134384427,-0.42019335484084136,0
1776,-0.1081920101974658,0.03284344722547651,1
1777,0.7650202900826358,-1.3325703102573245,0
1778,-0.11156278992546786,-0.0762183652598504,1
1779,-2.147205210724789,-0.20616876886296245,0
1780,0.9320164351011777,0.08488853989651873,1
1781,0.5237502670957017,1.6727239662836313,0
1782,-0.0922907547109765,-0.11177678915286264,1
1783,-2.2305508430073555,1.3710481295367039,0
1784,1.0951904883419437,0.29849302331176314,1
1785,-1.1042911769225128,1.1276038910525275,0
1786,0.4683813244104283,-0.2850398298341243,1
1787,0.271959008962553,-1.7769609531895112,0
1788,0.6962514845602232,0.7674551058478367,1
1789,0.7045743154608981,-1.4240119604737165,0
1790,-0.8071769821361231,0.524635714391328,1
1791,-1.2986655671614569,1.1134077248387584,0
1792,-0.38846119233935744,-0.08856022407649779,1
1793,-1.4073340509629217,1.4343201159280639,0
1794,-0.15690742281525252,-0.7906039288889559,1
1795,-0.7406514727830482,-1.3089873291661562,0
1796,0.32447097477307674,0.6075059087359267,1
1797,-1.6728887202895684,0.39555994259639515,0
1798,0.30029956605202307,-1.0707011516110958,1
1799,-2.025655713517683,0.22751540496779932,0
1800,0.69865889083086,0.4909822472379407,1
1801,1.0812191960723345,-1.094000751898971,0
1802,1.272070332030708,0.3326127951948975,1
1803,-0.63433496784773,1.3639610020225805,0
1804,-0.9493644024319836,-0.7212264853470013,1
1805,-0.5619352287526929,1.2152233890378294,0
1806,-0.3583101185714927,-0.5983541872984055,1
1807,-0.3439783706342646,-1.5746096941843233,0
1808,0.15124023342501883,-0.13754081549618813,1
1809,0.7498342602329928,-1.61410208593502,0
1810,-0.81830748065987,0.05520471417189675,1
1811,-0.8893585327552296,-1.8087062309765087,0
1812,-0.08680861235653545,-0.03173345949338669,1
1813,-2.236711907326396,0.971273895750196,0
1814,-0.5119901802658241,-0.26880948163409574,1
1815,-0.438566658920335,-1.3422498682137292,0
1816,-0.06160372044974886,-0.04976055808984233,1
1817,-0.5692759511994558,-1.3508302110368064,0
1818,-0.3666135378522077,0.024297233758673157,1
1819,-0.7611524664883146,1.3257351768552537,0
1820,-1.1779088147496126,0.5110443210716462,1
1821,-1.1389221418963087,-1.046023488172927,0
1822,-0.7967115386752016,0.4025634184327949,1
1823,1.2925837522882269,1.4566503154319919,0
1824,-0.2155364585362844,-0.2232289574499237,1
1825,1.159069681264774,-1.0773797582362934,0
1826,0.9195500174293775,-0.148241802124473,1
1827,-1.8912622480468382,-0.38044765898329996,0
1828,-0.027948665268315034,-0.29578195093382914,1
1829,1.1625189073006728,0.828416943816516,0
1830,0.5976192961228951,-0.6483154194851615,1
1831,1.3337643975685443,-0.6191108079976276,0
1832,-0.6738207252203582,-0.7697984434087738,1
1833,1.763507435016021,-0.6116881916785623,0
1834,0.018171513522048974,-0.05184152952310229,1
1835,1.0463675834906694,1.640210553805782,0
1836,-0.18005723215211022,-0.28359272291035875,1
1837,-0.30505328819796734,-1.7119020420318942,0
1838,0.42605535458030214,0.1308391106026241,1
1839,-0.4698776551977335,1.3062663013599152,0
1840,-0.060386833255117,-0.070384248249803,1
1841,-1.3176946465862553,-1.1964242385362553,0
1842,0.8251762308657502,-0.7071545993790446,1
1843,0.6770232951483145,1.612975063811287,0
1844,0.09493443105668292,-0.0819456737710451,1
1845,2.118291818008258,-1.531278448563736,0
1846,-0.19735787820281023,0.8064362121006019,1
1847,1.7295053789029642,-1.7418034390389376,0
1848,-0.7386233055600864,-0.6454410864828174,1
1849,1.7153480990325491,-1.7934970548384108,0
1850,0.5279841426306757,-0.48381965386866077,1
1851,-1.1139590201614409,-1.7210477168659213,0
1852,0.16855064436776032,-1.0264795915856073,1
1853,1.5623330703279146,1.3276770865598568,0
1854,-0.5172024587915018,-0.9661381005805911,1
1855,0.002623207048887077,-1.4061692328843138,0
1856,-0.5033973315417564,0.07894684103065097,1
1857,2.0596896182711353,-1.5120538789720592,0
1858,-0.04513658053591732,-0.3019254798765926,1
1859,1.3957571762170218,0.6546051760592752,0
1860,-0.18279329185022317,-0.814909837032774,1
1861,2.226488873574108,0.4864657313604088,0
1862,-0.07032194040387188,-0.8069278648713744,1
1863,-0.06173016587453204,1.7293622243898448,0
1864,-0.12786229906298957,0.003552638066920745,1
1865,1.6252265309756717,0.46372802180101647,0
1866,0.29963726590576545,1.0320158664390502,1
1867,-0.7114389486501467,-1.6401178416624802,0
1868,0.12661990310242446,-0.7009606298427485,1
1869,0.5991100659933376,-1.2859576980696166,0
1870,-0.3624329509510441,-0.44178660011408216,1
1871,0.6642875064082913,1.3459007160819922,0
1872,-0.18078632605118058,-0.8259518597501446,1
1873,-0.6497444542445011,-1.5802192418383179,0
1874,1.0675238344534224,0.3376435019584196,1
1875,0.12425742369501866,1.7069681397850036,0
1876,0.5379858153922764,0.0727217905600661,1
1877,0.5022657850780328,-1.7274408637634813,0
1878,-0.2041774824980033,-0.6787629640220517,1
1879,1.660792597132376,0.9845015382285128,0
1880,-0.3259196398361652,-0.4763339096705447,1
1881,1.7465824917394062,-1.6204817922143562,0
1882,1.2120824126932537,0.23519394862739268,1
1883,-2.0384087384328367,1.4367269592527645,0
1884,0.576726244045349,-0.3077157618916409,1
1885,-0.31634431873905833,-1.6997187596912497,0
1886,-0.6723821487974236,-0.29509095043279565,1
1887,1.569867947543056,0.759440295299629,0
1888,0.779933060336829,-0.07188366265799091,1
1889,1.6525120489398415,-0.7731208619209824,0
1890,0.37235092446602797,-0.0710380704456945,1
1891,-0.4777024196694909,1.4277468839218823,0
1892,1.015420758472384,-0.08500987556020104,1
1893,1.9350050207365905,-1.7730269447902398,0
1894,0.10997226942398138,0.5345693941337698,1
1895,2.2147098443224453,1.4684905589303514,0
1896,-0.692987381179816,-0.6450903432695605,1
1897,0.8069124669484876,-1.5210110029484412,0
1898,0.6541866243589602,-0.36830700915077363,1
1899,-0.8954770199462324,1.7268602520575702,0
1900,0.7413912804791893,0.8601799462752239,1
1901,-0.296076661998612,1.7902523791757239,0
1902,-0.789452324022615,-0.2232741033047417,1
1903,-0.6603373126285943,1.1638923463086022,0
1904,1.1038425157453267,0.4185679491434148,1
1905,2.211441214701163,-1.3596948659576549,0
1906,0.1290939937740201,-0.0036445473240832014,1
1907,0.8545152558714284,-1.3980799798210792,0
1908,0.4217267176218827,0.375548253692248,1
1909,-1.9489944029127118,-0.6957591391227748,0
1910,-0.04210385129209148,0.4950717862451474,1
1911,1.3632673363081247,-1.452712640527454,0
1912,0.4479923095802036,-0.3488990307646905,1
1913,0.8835950945837566,1.5053176232663026,0
1914,-0.47849333003445865,-0.38773219893015115,1
1915,-1.0835807419440735,-1.055048959890014,0
1916,-0.590944529737611,-0.45593396682018467,1
1917,-0.24354106105751366,-1.8182429519477972,0
1918,0.35496537946464624,-0.7276041869106339,1
1919,1.4581740383874213,-1.033014387257717,0
1920,1.2161357993061432,0.004929295100154945,1
1921,-1.7425022617085488,-1.7364431238074307,0
1922,0.3494049050152839,-0.0662622966654835,1
1923,-0.7955646238239729,-1.2947353471297824,0
1924,-0.022917189679042795,-0.0418724133212023,1
1925,1.0448089961472313,-0.9946513993823334,0
1926,0.489489827628881,-0.20407399664785816,1
1927,-0.4520561107880773,1.6168688956255615,0
1928,0.5156322753727496,0.17345352619100968,1
1929,2.0100555651941567,1.761455901042204,0
1930,0.30263028633762323,0.5575629978387856,1
1931,1.7325150896808303,-1.6140037206120454,0
1932,-0.008124137190906017,0.00743396647114774,1
1933,-0.8117140829423436,-1.419174520666379,0
1934,0.5304507180030705,0.27180765278447494,1
1935,1.272261271856419,0.703119180602904,0
1936,-0.041842595040199174,-0.09726280670872865,1
1937,-0.8729466650475387,-1.2077456594753304,0
1938,1.3118680237532696,-0.23696143274017903,1
1939,-0.4917553826663765,1.1305868644637167,0
1940,-0.5392468248337456,-1.0292019412369602,1
1941,2.0031143885712925,1.6545759861509777,0
1942,0.052775050652861165,0.4907007275440691,1
1943,-1.5805485973411844,-1.224931540951032,0
1944,0.21099705075837366,-0.2651004090469217,1
1945,0.09171849108618524,1.2627396468768652,0
1946,0.31361998329263024,0.0532072205224958,1
1947,-0.5899819649666941,1.6300671140343193,0
1948,0.32827057288009887,0.591882040062846,1
1949,2.1282071580943915,-0.4863545108832863,0
1950,-0.9150920166236689,-0.7446446510571176,1
1951,-0.96672815829395,1.6605383537327192,0
1952,-1.1049363125874074,0.6938354102695801,1
1953,2.2263532791410396,-0.95523686760776,0
1954,0.3999464178813009,-0.13016659239441394,1
1955,-1.322179075670919,0.7248238057713517,0
1956,-1.3449041329333105,-0.14354626085743735,1
1957,-2.2581307771756913,1.3360348411586536,0
1958,1.200279227311556,0.4986420485033167,1
1959,-0.7624597690295779,-1.2094195786874253,0
1960,-0.6714344673996753,-0.8079708235375274,1
1961,1.8439021932077901,0.18210499151392875,0
1962,-1.4202399318976342,0.1914458409283484,1
1963,1.8916336807486707,0.18118888994845364,0
1964,0.49780426355264523,0.06463932980915066,1
1965,-0.7157042099480209,1.5649092920080192,0
1966,-0.0448821926950075,0.2890679416138854,1
1967,-2.0764183544275685,-0.450777240306966,0
1968,0.02376609348224663,-0.3263989358169891,1
1969,-1.2201992434629767,1.1816677625386187,0
1970,-0.012647105744518604,-0.023811432157857342,1
1971,-2.1441038766881553,0.3712672633482908,0
1972,0.6645888586828272,0.369696622174693,1
1973,1.7745112232345965,-0.6815696813208347,0
1974,0.05683718182264991,-0.11813602732664519,1
1975,-1.4205626814085395,1.4393637966911481,0
1976,0.2925208885631711,-0.3580312116933584,1
1977,1.243998748027471,-1.4277725450574517,0
1978,0.007748760109142099,0.0705922543293522,1
1979,1.324096945957646,-0.7296212408287112,0
1980,1.3396274046175431,-0.07127051123198211,1
1981,2.1358324925771637,-1.3578484082752778,0
1982,-0.4583409671075725,0.09090087266323323,1
1983,-0.19629512771205038,1.1820997983537822,0
1984,0.21454218599763772,-0.1361188817958472,1
1985,0.992094546797979,1.2358653388305871,0
1986,-0.772547761062779,-0.2717836312264998,1
1987,1.2946385406967613,1.4074542990893892,0
1988,0.17418959982186322,0.9232568799786592,1
1989,0.7193719947513408,-1.455301397428901,0
1990,0.14965868403120294,0.10273895052269745,1
1991,1.4483328380533107,1.375242729050736,0
1992,-0.25997225963159104,-0.6622123558849523,1
1993,-0.613159432703363,-1.4270564825154426,0
1994,1.3230255759980285,0.4492976684646353,1
1995,1.4828099233557717,0.7037731406051829,0
1996,0.05060108268369274,0.10577983365822456,1
1997,-0.35358002640363134,1.5752441243766466,0
1998,0.8163557235821159,-0.8394118826015368,1
1999,-1.1368857517334037,1.534448587138006,0
